<?xml version='1.0' encoding='UTF-8'?>
<types:mule xmlns:types="http://www.mulesoft.org/schema/mule/types">
  <types:catalog>
    <types:type name="auto_70653617-a08f-4877-9c3a-d8081d428715_Input-Payload" format="java">
      <types:shape format="weave" example="weave/autogenerated/70653617-a08f-4877-9c3a-d8081d428715/Input-Payload.wev" autogeneratedOrigin="0af4b0a4-82f3-42be-a1d7-ef2de0a87264"><![CDATA[%dw 2.0

type auto_70653617_a08f_4877_9c3a_d8081d428715_Input_Payload = Any

]]></types:shape>
    </types:type>
    <types:type name="auto_70653617-a08f-4877-9c3a-d8081d428715_Output-Payload" format="java">
      <types:shape format="weave" example="weave/autogenerated/70653617-a08f-4877-9c3a-d8081d428715/Output-Payload.wev" autogeneratedOrigin="0af4b0a4-82f3-42be-a1d7-ef2de0a87264"><![CDATA[%dw 2.0

type auto_70653617_a08f_4877_9c3a_d8081d428715_Output_Payload = {|
  affectedRows?: Number, 
  generatedKeys?: { _?: Number }
|} {"typeAlias": "StatementResult",
"typeId": "org.mule.extension.db.api.StatementResult"}

]]></types:shape>
    </types:type>
    <types:type name="auto_70653617-a08f-4877-9c3a-d8081d428715_Output-Attributes" format="java">
      <types:shape format="weave" example="weave/autogenerated/70653617-a08f-4877-9c3a-d8081d428715/Output-Attributes.wev" autogeneratedOrigin="0af4b0a4-82f3-42be-a1d7-ef2de0a87264"><![CDATA[%dw 2.0

type auto_70653617_a08f_4877_9c3a_d8081d428715_Output_Attributes = Null

]]></types:shape>
    </types:type>
    <types:type name="auto_70653617-a08f-4877-9c3a-d8081d428715_Output-Variables-dbOutput" format="java">
      <types:shape format="weave" example="weave/autogenerated/70653617-a08f-4877-9c3a-d8081d428715/Output-Variables-dbOutput.wev" autogeneratedOrigin="0af4b0a4-82f3-42be-a1d7-ef2de0a87264"><![CDATA[%dw 2.0

type auto_70653617_a08f_4877_9c3a_d8081d428715_Output_Variables_dbOutput = {|
  affectedRows?: Number, 
  generatedKeys?: { _?: Number }
|} {"typeAlias": "StatementResult",
"typeId": "org.mule.extension.db.api.StatementResult"}

]]></types:shape>
    </types:type>
  </types:catalog>
  <types:enrichment select="#70653617-a08f-4877-9c3a-d8081d428715">
    <types:processor-declaration>
      <types:input-event>
        <types:message>
          <types:payload type="auto_70653617-a08f-4877-9c3a-d8081d428715_Input-Payload"/>
        </types:message>
      </types:input-event>
      <types:output-event>
        <types:message>
          <types:payload type="auto_70653617-a08f-4877-9c3a-d8081d428715_Output-Payload"/>
          <types:attributes type="auto_70653617-a08f-4877-9c3a-d8081d428715_Output-Attributes"/>
        </types:message>
        <types:variables>
          <types:variable name="dbOutput" type="auto_70653617-a08f-4877-9c3a-d8081d428715_Output-Variables-dbOutput"/>
        </types:variables>
      </types:output-event>
    </types:processor-declaration>
  </types:enrichment>
</types:mule>