employee_id,username,first_name,last_name,designation,department,date_of_joining
884904,nmyderscough0,Nollie,Myderscough,Environmental Tech,Marketing,2021-03-27
181253,cbargery1,Carroll,Bargery,Data Coordiator,Support,2021-03-19
373068,ahabard2,Alain,Habard,Account Representative I,Research and Development,2020-06-10
080376,hcharpin3,Hershel,Charpin,Speech Pathologist,Accounting,2018-09-30
342115,wbourdon4,Willa,Bourdon,Programmer Analyst I,Product Management,2020-10-19
964476,qrhucroft5,Quintina,Rhucroft,Mechanical Systems Engineer,Human Resources,2022-03-06
584972,hloch6,Helenka,Loch,Executive Secretary,Business Development,2020-05-03
761247,gcoalbran7,Gardener,Coalbran,Statistician I,Marketing,2021-06-24
544503,ddukes8,Daniella,Dukes,Marketing Manager,Services,2021-06-09
242048,nmoquin9,Noah,Moquin,Administrative Assistant II,Product Management,2021-06-27
932814,msyphusa,Myrlene,Syphus,Assistant Professor,Research and Development,2018-09-29
974619,ascurrerb,Arley,Scurrer,Sales Associate,Business Development,2019-11-01
672831,vsmidmorec,Vyky,Smidmore,Analyst Programmer,Research and Development,2019-11-01
214006,crumind,Cloe,Rumin,Research Associate,Product Management,2019-12-23
713436,kgyrgorcewicxe,Kerwin,Gyrgorcewicx,Help Desk Technician,Business Development,2021-04-12
215027,apeacockf,Alvina,Peacock,Help Desk Operator,Legal,2020-08-25
941632,ivaldesg,Iolande,Valdes,Software Engineer IV,Business Development,2021-04-19
242201,rwhileh,Rosa,While,Librarian,Business Development,2021-07-14
450387,ldannohli,Lennard,Dannohl,VP Product Management,Marketing,2019-02-21
707509,asanchoj,Ashli,Sancho,Human Resources Manager,Legal,2021-08-31
552905,ayedyk,Allyce,Yedy,Analog Circuit Design manager,Marketing,2018-07-13
972929,klathayel,Kele,Lathaye,Chief Design Engineer,Accounting,2018-08-23
213305,sthomingam,Shaun,Thominga,Marketing Manager,Legal,2022-03-29
009358,lwycherleyn,Lefty,Wycherley,Librarian,Engineering,2020-07-04
703354,icottisfordo,Inga,Cottisford,Systems Administrator IV,Business Development,2022-02-02
093237,aarkowp,Arthur,Arkow,Speech Pathologist,Services,2018-09-09
876218,cbrunskillq,Conny,Brunskill,Payment Adjustment Coordinator,Training,2021-01-28
436256,bfrenschr,Berenice,Frensch,Analyst Programmer,Legal,2020-01-01
380541,ndenisons,Nike,Denison,Legal Assistant,Marketing,2018-11-13
031625,esilbert,Em,Silber,Registered Nurse,Accounting,2019-07-13
330341,fdruittu,Filippo,Druitt,Food Chemist,Accounting,2021-05-13
718174,cdavidekv,Clareta,Davidek,Account Coordinator,Research and Development,2019-01-03
486874,ggruszczakw,Giralda,Gruszczak,Clinical Specialist,Sales,2018-07-24
053428,hupshallx,Hetty,Upshall,Junior Executive,Training,2019-10-24
590514,aovisey,Anastassia,Ovise,VP Accounting,Support,2022-01-18
785533,dsustinz,Dionne,Sustin,Senior Cost Accountant,Services,2019-07-10
889892,rlonghorne10,Raimundo,Longhorne,Chief Design Engineer,Support,2019-10-23
041143,ssalvadore11,Shani,Salvadore,Registered Nurse,Engineering,2021-10-17
350220,mtadman12,Mahala,Tadman,Editor,Human Resources,2021-04-01
329801,scullabine13,Stacee,Cullabine,Dental Hygienist,Engineering,2020-12-27
799802,bnice14,Benyamin,Nice,Account Executive,Marketing,2019-09-23
267520,cramshay15,Carline,Ramshay,Business Systems Development Analyst,Business Development,2021-07-18
538537,ebachman16,Egor,Bachman,Chief Design Engineer,Services,2021-03-03
343445,dclement17,Demott,Clement,Web Designer IV,Business Development,2021-09-21
969170,lreinger18,Leroy,Reinger,Automation Specialist IV,Engineering,2021-04-16
392676,smalmar19,Si,Malmar,Staff Scientist,Sales,2019-01-22
714913,fyoutead1a,Faith,Youtead,Data Coordiator,Legal,2019-08-17
144008,eould1b,Ev,Ould,Teacher,Human Resources,2020-05-24
230189,spedden1c,Seymour,Pedden,Information Systems Manager,Services,2019-03-06
175978,jashcroft1d,Jacob,Ashcroft,Health Coach III,Engineering,2021-12-25
566956,adudleston1e,Ashlin,Dudleston,Librarian,Engineering,2019-11-10
065123,tspiers1f,Teador,Spiers,Software Test Engineer II,Research and Development,2021-11-24
884884,mcannam1g,Mellisa,Cannam,Civil Engineer,Training,2019-01-29
955360,ttookey1h,Tabbatha,Tookey,Financial Advisor,Legal,2018-10-11
967794,alaughren1i,Ardenia,Laughren,Budget/Accounting Analyst IV,Human Resources,2018-12-31
041741,rlevee1j,Roby,Levee,Systems Administrator I,Legal,2021-01-31
982821,cburrass1k,Callean,Burrass,Physical Therapy Assistant,Business Development,2020-02-26
515283,wyemm1l,Willie,Yemm,Sales Associate,Legal,2019-06-26
134947,mclousley1m,Morey,Clousley,Staff Scientist,Support,2018-05-09
312207,nmeadway1n,Nikolaus,Meadway,Recruiting Manager,Product Management,2020-05-22
576259,tdomonkos1o,Tedda,Domonkos,Senior Financial Analyst,Accounting,2021-12-08
273550,dwort1p,Doria,Wort,Teacher,Research and Development,2020-05-11
806382,cbreward1q,Christiano,Breward,Environmental Specialist,Human Resources,2020-11-10
576963,amcblain1r,Alvira,McBlain,Human Resources Assistant I,Research and Development,2018-08-03
433650,kmustoe1s,Karol,Mustoe,Chemical Engineer,Marketing,2019-06-21
394411,gbesnard1t,Gertrude,Besnard,Associate Professor,Support,2021-12-22
488124,ffarlambe1u,Flemming,Farlambe,Community Outreach Specialist,Legal,2022-03-03
322589,akenington1v,Alonzo,Kenington,Quality Control Specialist,Business Development,2021-08-29
433182,gmarti1w,Griffy,Marti,Operator,Human Resources,2021-11-20
704739,jplowell1x,Jazmin,Plowell,Senior Developer,Services,2018-05-21
984655,csibery1y,Clarie,Sibery,Senior Sales Associate,Services,2019-10-20
163742,kpeach1z,Ken,Peach,Account Executive,Services,2018-11-10
940705,sbrastead20,Sig,Brastead,Technical Writer,Legal,2019-04-12
581859,hfeldmann21,Harlie,Feldmann,Account Representative IV,Marketing,2018-12-29
693278,cbarthot22,Clevie,Barthot,Recruiter,Accounting,2021-03-25
037148,wlye23,Waylan,Lye,Systems Administrator II,Training,2020-10-20
809475,jmoralas24,Jackqueline,Moralas,Assistant Professor,Support,2020-10-26
183258,cbraiden25,Cosetta,Braiden,Programmer I,Training,2021-12-31
176618,wvolkes26,Welbie,Volkes,Quality Engineer,Accounting,2018-05-19
669691,rrodolphe27,Rutherford,Rodolphe,Senior Sales Associate,Legal,2020-12-08
235863,golennachain28,Gina,O'Lennachain,Marketing Manager,Business Development,2021-04-30
354932,cnorthing29,Carmel,Northing,Senior Quality Engineer,Product Management,2020-02-17
825715,ablyth2a,Avram,Blyth,Developer II,Marketing,2018-08-28
430960,rmaudling2b,Raquel,Maudling,Budget/Accounting Analyst I,Business Development,2021-06-22
862157,qchauvey2c,Quillan,Chauvey,Cost Accountant,Services,2020-04-24
696676,laudry2d,Larissa,Audry,Account Executive,Accounting,2018-12-26
581648,rfossey2e,Raphaela,Fossey,Technical Writer,Engineering,2022-02-16
456638,rbattista2f,Randie,Battista,Engineer II,Engineering,2022-04-04
480584,pburgane2g,Pen,Burgane,Geological Engineer,Sales,2022-02-01
164757,rlangeren2h,Renaud,Langeren,Programmer Analyst I,Sales,2018-12-17
158595,jcarcas2i,Jackson,Carcas,Software Consultant,Training,2020-06-24
047174,kdincke2j,Karel,Dincke,Civil Engineer,Sales,2020-04-22
675897,gmclese2k,Gwendolyn,McLese,Payment Adjustment Coordinator,Research and Development,2022-03-29
464601,cgaliero2l,Corilla,Galiero,Senior Financial Analyst,Product Management,2021-06-08
687456,eriggert2m,Erskine,Riggert,Legal Assistant,Engineering,2020-05-22
437360,mnoller2n,Mellisa,Noller,Nurse Practicioner,Sales,2018-09-04
116278,lpitcaithley2o,Lynnea,Pitcaithley,Software Consultant,Legal,2020-08-12
464357,lboraston2p,Leticia,Boraston,VP Product Management,Human Resources,2018-08-08
485183,gcaldow2q,Gabriele,Caldow,Environmental Specialist,Research and Development,2018-09-12
461715,ahusset2r,Adelle,Husset,Software Consultant,Human Resources,2021-03-05
077223,cisacsson2s,Ced,Isacsson,Recruiting Manager,Legal,2021-06-18
168276,mgonthard2t,Mira,Gonthard,Programmer Analyst IV,Services,2021-12-29
097180,corrett2u,Costanza,Orrett,Office Assistant II,Legal,2019-06-29
977037,bmcgeachey2v,Bekki,McGeachey,Actuary,Human Resources,2021-09-09
474906,lwhye2w,Linette,Whye,Internal Auditor,Legal,2018-10-03
776811,cvigours2x,Carmelia,Vigours,Editor,Engineering,2018-06-25
459193,cmanicomb2y,Cornie,Manicomb,Sales Representative,Product Management,2018-07-10
803550,acraythorn2z,Andrei,Craythorn,Human Resources Assistant I,Engineering,2021-09-03
771780,kheaney30,Kevon,Heaney`,Account Coordinator,Legal,2020-08-02
188494,mtrotman31,Merlina,Trotman,Clinical Specialist,Business Development,2019-11-21
364956,amallinson32,Anselm,Mallinson,General Manager,Sales,2020-02-05
801000,klunnon33,Kare,Lunnon,Developer IV,Business Development,2021-04-02
374149,koloughane34,Kendal,O'Loughane,Internal Auditor,Services,2019-07-04
244264,bsterke35,Bealle,Sterke,Data Coordiator,Support,2021-01-30
530127,bpetford36,Barnie,Petford,Computer Systems Analyst II,Support,2020-12-09
995182,tackeroyd37,Trix,Ackeroyd,Food Chemist,Human Resources,2018-11-12
388302,fdeavall38,Frannie,Deavall,Sales Representative,Sales,2019-07-08
963878,rmcsherry39,Rudolfo,McSherry,Accounting Assistant III,Research and Development,2021-04-10
526263,idunhill3a,Ingunna,Dunhill,VP Sales,Support,2019-08-24
105252,hcrenshaw3b,Hermia,Crenshaw,Information Systems Manager,Legal,2021-08-18
074013,ashakesbye3c,Adolphe,Shakesbye,Geological Engineer,Human Resources,2019-02-09
507525,wmacdermott3d,Waring,MacDermott,Community Outreach Specialist,Services,2018-05-17
181677,jbodega3e,Justin,Bodega,Environmental Specialist,Business Development,2022-03-30
964340,htocher3f,Hilde,Tocher,Assistant Media Planner,Sales,2021-12-17
142996,tfitzharris3g,Terri,Fitzharris,VP Product Management,Marketing,2019-06-05
902811,ssearson3h,Silvana,Searson,Structural Engineer,Training,2020-05-26
213003,gnesterov3i,Gaston,Nesterov,Software Consultant,Business Development,2021-07-11
783287,srenbold3j,Saunder,Renbold,Marketing Assistant,Human Resources,2020-02-15
249271,gdaout3k,Godard,Daout,Research Nurse,Support,2018-12-04
381702,dbrunsdon3l,Dud,Brunsdon,Software Engineer III,Legal,2021-10-20
953325,jpaoli3m,Junina,Paoli,Accountant II,Engineering,2021-01-01
244235,rgahan3n,Ronnie,Gahan,Clinical Specialist,Engineering,2021-01-26
987203,askatcher3o,Archy,Skatcher,Health Coach I,Support,2021-01-21
234089,egumly3p,Etta,Gumly,Safety Technician III,Business Development,2021-08-14
693757,ngoulstone3q,Neal,Goulstone,Professor,Research and Development,2021-05-08
367291,awolfit3r,Annalee,Wolfit,Senior Cost Accountant,Business Development,2021-09-25
080017,eloddy3s,Elnar,Loddy,Software Test Engineer II,Marketing,2018-09-10
508598,msmitten3t,Merlina,Smitten,Senior Developer,Research and Development,2021-04-19
948396,sdevaan3u,Shanda,De Vaan,Tax Accountant,Marketing,2021-09-13
529073,tebbles3v,Teodoor,Ebbles,Health Coach II,Accounting,2021-06-18
569388,nwillavoys3w,Neel,Willavoys,Product Engineer,Legal,2018-10-13
734737,dtommasi3x,Daisy,Tommasi,Developer IV,Training,2020-02-24
548108,mgoman3y,Mireielle,Goman,Paralegal,Human Resources,2018-08-25
448941,aolver3z,Allys,Olver,Project Manager,Support,2019-03-19
069370,dmew40,Dick,Mew,Safety Technician I,Human Resources,2020-10-13
968273,kjanc41,Kenton,Janc,Social Worker,Engineering,2019-07-19
709991,aconkling42,Annie,Conkling,Pharmacist,Accounting,2022-02-21
406348,eturner43,Elinor,Turner,Accounting Assistant IV,Business Development,2020-08-17
473119,jtorrijos44,Johann,Torrijos,Clinical Specialist,Human Resources,2020-04-16
511292,gchubb45,Gregory,Chubb,Associate Professor,Support,2021-11-23
981852,eschroder46,Evangelin,Schroder,Engineer III,Product Management,2020-10-09
553739,amulcock47,Amby,Mulcock,Financial Analyst,Business Development,2020-11-13
751794,jhigbin48,Jarrad,Higbin,VP Sales,Engineering,2021-06-20
580413,npresnail49,Normand,Presnail,Executive Secretary,Legal,2019-06-18
438595,hbenbow4a,Hayyim,Benbow,Analyst Programmer,Product Management,2019-12-25
199178,gros4b,Gloria,Ros,Senior Cost Accountant,Research and Development,2020-04-08
925141,lbear4c,Loree,Bear,Professor,Business Development,2022-04-11
825303,tmouth4d,Tonnie,Mouth,Director of Sales,Accounting,2019-04-25
142012,wclimpson4e,Wilek,Climpson,Structural Analysis Engineer,Marketing,2021-03-23
865217,gjeffers4f,Geno,Jeffers,VP Quality Control,Legal,2019-08-02
082423,gwarrior4g,Gottfried,Warrior,Quality Engineer,Business Development,2020-06-15
675428,smerfin4h,Stuart,Merfin,VP Sales,Legal,2021-12-06
530444,cgarthland4i,Craig,Garthland,Financial Analyst,Business Development,2019-11-04
808613,ngittoes4j,Nigel,Gittoes,Dental Hygienist,Business Development,2018-08-26
961142,pleber4k,Paxton,Leber,Health Coach I,Human Resources,2021-05-05
647423,tlambot4l,Tallia,Lambot,Geologist III,Training,2019-03-05
182714,ccraine4m,Carolyn,Craine,Sales Representative,Marketing,2020-02-21
726901,ecummungs4n,Elston,Cummungs,Human Resources Assistant II,Engineering,2020-06-19
691595,jgribbon4o,Jeane,Gribbon,Executive Secretary,Support,2021-03-13
524734,anisen4p,Alys,Nisen,Senior Cost Accountant,Product Management,2021-10-17
409450,rvidyapin4q,Rance,Vidyapin,Actuary,Services,2021-05-28
819586,cpetegrew4r,Corrianne,Petegrew,Analyst Programmer,Services,2019-05-04
479448,gseegar4s,Gussie,Seegar,Payment Adjustment Coordinator,Product Management,2020-06-29
679279,jdorricott4t,Josh,Dorricott,Database Administrator I,Marketing,2019-09-08
829942,mkhomin4u,Marilyn,Khomin,Senior Cost Accountant,Engineering,2019-02-25
289783,rsamwyse4v,Robin,Samwyse,Sales Associate,Research and Development,2018-09-30
320727,abrawn4w,Aubrie,Brawn,Speech Pathologist,Marketing,2020-07-29
000975,mgriffey4x,Mylo,Griffey,Nurse,Business Development,2021-11-27
542754,vruppel4y,Vincenty,Ruppel,Computer Systems Analyst II,Accounting,2018-05-30
721552,nburnapp4z,Nyssa,Burnapp,Media Manager II,Product Management,2018-09-12
978736,streamayne50,Sophie,Treamayne,Financial Analyst,Training,2021-02-23
949212,jludovici51,Jessie,Ludovici,Internal Auditor,Legal,2018-11-18
032963,ocredland52,Oriana,Credland,Professor,Product Management,2019-11-15
164874,bhurdedge53,Barn,Hurdedge,Staff Accountant IV,Support,2018-10-14
390988,akubik54,Avram,Kubik,Chemical Engineer,Sales,2021-04-20
706909,cgingold55,Carolus,Gingold,Senior Quality Engineer,Sales,2020-02-09
382020,jvongladbach56,Jermaine,Von Gladbach,VP Product Management,Sales,2021-11-29
117329,figgalden57,Franchot,Iggalden,Information Systems Manager,Business Development,2022-02-05
680132,sgainforth58,Stevie,Gainforth,Programmer Analyst II,Engineering,2019-06-23
811538,cwarn59,Camellia,Warn,Recruiting Manager,Accounting,2021-12-21
867946,kbilfoot5a,Klement,Bilfoot,Nurse Practicioner,Services,2020-03-22
968829,sdumbrell5b,Stephen,Dumbrell,Health Coach I,Marketing,2021-12-03
892774,ccasford5c,Chiquia,Casford,General Manager,Training,2020-05-10
116885,lcamin5d,Lilias,Camin,Office Assistant III,Marketing,2021-06-28
851149,bkinnerley5e,Bail,Kinnerley,Human Resources Manager,Product Management,2018-12-12
946482,cspeight5f,Corabella,Speight,Executive Secretary,Legal,2022-01-22
497731,bknight5g,Bevin,Knight,Information Systems Manager,Services,2019-09-20
453159,ckigelman5h,Curran,Kigelman,Electrical Engineer,Sales,2020-03-19
751922,vpenni5i,Vonni,Penni,Programmer Analyst III,Marketing,2021-08-10
922356,jsharpus5j,Jesse,Sharpus,Accountant III,Marketing,2020-08-09
289617,goakenford5k,Gabrielle,Oakenford,Data Coordiator,Sales,2019-10-08
930996,csamett5l,Cloe,Samett,Dental Hygienist,Human Resources,2019-04-28
777630,hscranny5m,Hill,Scranny,Nurse,Business Development,2018-09-03
962409,dkelshaw5n,Dun,Kelshaw,Programmer III,Accounting,2022-01-05
364435,nblaske5o,Nada,Blaske,Professor,Engineering,2021-10-23
849351,kkennicott5p,Kyle,Kennicott,Librarian,Engineering,2019-03-07
904377,cayce5q,Cointon,Ayce,Librarian,Services,2020-07-04
307570,cwales5r,Christiano,Wales,Biostatistician III,Support,2019-12-23
827209,hhalworth5s,Herbert,Halworth,Teacher,Product Management,2020-06-23
402137,rnund5t,Ralina,Nund,General Manager,Engineering,2019-12-31
170989,kcella5u,Karry,Cella,Biostatistician II,Legal,2019-11-11
345385,dcoulbeck5v,Deane,Coulbeck,Help Desk Operator,Training,2021-11-01
211275,gimmins5w,Grange,Immins,Geological Engineer,Accounting,2022-02-25
862019,adevereux5x,Ann,Devereux,Technical Writer,Research and Development,2020-11-27
826627,sborrett5y,Silvia,Borrett,Help Desk Technician,Support,2020-06-12
004922,tsperry5z,Tricia,Sperry,Actuary,Human Resources,2019-07-26
378928,rcloney60,Raoul,Cloney,Financial Analyst,Support,2021-07-20
977372,ggrishagin61,Gabriel,Grishagin,Help Desk Operator,Business Development,2019-11-25
695053,kfforde62,Kylila,Fforde,Director of Sales,Sales,2019-12-14
470447,fdupree63,Fonz,Dupree,Editor,Sales,2020-09-04
785246,gsivills64,Griselda,Sivills,Product Engineer,Engineering,2021-09-01
743991,shedditch65,Sherman,Hedditch,Geological Engineer,Engineering,2018-10-26
660991,jbohden66,Jehanna,Bohden,Clinical Specialist,Product Management,2020-07-11
814972,mburberry67,Mala,Burberry,Assistant Manager,Sales,2019-11-22
174693,tdoyle68,Tina,Doyle,Compensation Analyst,Accounting,2019-08-10
169319,bbellwood69,Betteann,Bellwood,Marketing Manager,Product Management,2019-02-19
278516,bgiacaponi6a,Berty,Giacaponi,Physical Therapy Assistant,Human Resources,2021-04-27
940115,mseligson6b,Melisandra,Seligson,Budget/Accounting Analyst III,Training,2019-04-20
421720,ryukhnin6c,Rene,Yukhnin,Database Administrator II,Product Management,2020-08-05
000922,fsellar6d,Francene,Sellar,Environmental Specialist,Human Resources,2020-06-10
014034,bvanin6e,Beverley,Vanin,Recruiter,Sales,2020-07-21
993087,rfinlan6f,Reinold,Finlan,Nurse,Services,2018-07-25
894854,omatthewson6g,Odele,Matthewson,Research Associate,Legal,2019-06-28
128499,dcape6h,Demetris,Cape,Structural Engineer,Human Resources,2019-10-02
440521,hrudeforth6i,Hettie,Rudeforth,Nuclear Power Engineer,Human Resources,2022-02-23
980869,acolquete6j,Allistir,Colquete,Chief Design Engineer,Training,2019-04-01
399139,sharries6k,Sondra,Harries,Senior Financial Analyst,Marketing,2018-05-23
054085,hlaweles6l,Herrick,Laweles,Environmental Specialist,Legal,2020-02-06
025349,amcghee6m,Allison,McGhee,Marketing Manager,Support,2021-10-07
586277,cbrooksbank6n,Carmencita,Brooksbank,Environmental Tech,Marketing,2020-02-19
691598,smoggan6o,Susy,Moggan,Help Desk Operator,Business Development,2018-09-05
679656,sbrychan6p,Salomi,Brychan,Health Coach III,Training,2020-09-12
185937,gvick6q,Geralda,Vick,Quality Control Specialist,Business Development,2022-01-15
392909,pwhilde6r,Perry,Whilde,Environmental Specialist,Research and Development,2019-05-18
556915,tduncan6s,Tammy,Duncan,Professor,Legal,2020-10-15
744904,pdalessio6t,Panchito,D'Alessio,Chief Design Engineer,Services,2019-02-12
397806,aargyle6u,Anna-diane,Argyle,Automation Specialist I,Legal,2020-01-04
864382,jbeevis6v,Jennine,Beevis,Paralegal,Research and Development,2019-02-25
082676,bsantarelli6w,Bartholomeo,Santarelli,Dental Hygienist,Human Resources,2019-07-30
951980,vwaddup6x,Vivianne,Waddup,Teacher,Human Resources,2022-01-18
019815,svankeev6y,Sara,Vankeev,Human Resources Manager,Engineering,2020-03-24
818348,cdonativo6z,Cornie,Donativo,Information Systems Manager,Marketing,2019-10-23
196107,klocarno70,Karine,Locarno,Information Systems Manager,Marketing,2019-10-13
395197,bfleis71,Bengt,Fleis,Structural Analysis Engineer,Training,2021-07-29
516490,mtabner72,Meridel,Tabner,Nurse Practicioner,Engineering,2018-06-03
591747,sbluschke73,Stephan,Bluschke,Accountant III,Marketing,2018-05-29
300358,fschole74,Fenelia,Schole,Executive Secretary,Sales,2019-04-04
164354,rchadbourn75,Row,Chadbourn,Web Developer IV,Research and Development,2021-05-22
303823,jarmes76,Jany,Armes,Physical Therapy Assistant,Training,2021-03-02
636358,jgriffith77,Jonell,Griffith,Legal Assistant,Marketing,2019-01-01
716648,ghanlon78,Garv,Hanlon,Account Representative IV,Business Development,2021-06-28
153206,sbarthel79,Sloane,Barthel,Senior Cost Accountant,Research and Development,2019-10-06
616280,dmendez7a,Devlin,Mendez,Sales Representative,Legal,2020-08-09
649860,egagie7b,Ezequiel,Gagie,Project Manager,Human Resources,2022-01-19
925508,jsturm7c,Jae,Sturm,Financial Advisor,Business Development,2019-08-03
309497,ndavys7d,Nicol,Davys,Graphic Designer,Research and Development,2018-09-07
059995,stezure7e,Stefania,Tezure,Cost Accountant,Services,2019-06-10
995544,sprichard7f,Steward,Prichard,Accounting Assistant I,Product Management,2019-12-06
328433,ledy7g,Loutitia,Edy,General Manager,Legal,2018-08-26
131170,btipper7h,Barbra,Tipper,Paralegal,Engineering,2020-04-05
592991,ahupe7i,Amelita,Hupe,Budget/Accounting Analyst I,Marketing,2020-10-05
720863,ishillito7j,Ives,Shillito,Computer Systems Analyst IV,Marketing,2018-05-08
534518,dsimkovitz7k,Dreddy,Simkovitz,Occupational Therapist,Product Management,2019-10-21
769435,jdews7l,Jocko,Dews,Food Chemist,Research and Development,2020-10-22
380243,fterrell7m,Fernando,Terrell,Nurse Practicioner,Support,2020-06-22
894833,kimlin7n,Karoly,Imlin,Marketing Assistant,Marketing,2020-12-28
422562,dtaplin7o,Dennet,Taplin,VP Quality Control,Product Management,2020-01-24
477036,cstackbridge7p,Cecile,Stackbridge,Product Engineer,Legal,2018-09-22
509585,eeddies7q,Edeline,Eddies,Human Resources Assistant I,Services,2019-09-30
532103,wbeevor7r,Webb,Beevor,Cost Accountant,Product Management,2021-11-02
062355,kcurrall7s,Kacy,Currall,Software Engineer IV,Legal,2018-09-02
113781,vbettis7t,Vittoria,Bettis,Research Assistant IV,Legal,2020-08-22
149379,fmurrock7u,Faydra,Murrock,Health Coach II,Engineering,2021-09-05
520387,fdeighton7v,Florian,Deighton,Design Engineer,Marketing,2018-07-27
869850,khovert7w,Kaitlynn,Hovert,Recruiter,Human Resources,2021-07-17
079005,lkilvington7x,Leroy,Kilvington,Engineer IV,Accounting,2020-04-26
681615,rcuckson7y,Rana,Cuckson,Data Coordiator,Services,2018-12-26
105456,fsiemons7z,Fonsie,Siemons,Physical Therapy Assistant,Legal,2019-11-02
189511,bbhatia80,Brook,Bhatia,Financial Analyst,Human Resources,2018-12-04
525466,gstraun81,Georgina,Straun,Food Chemist,Legal,2019-07-23
160617,kspering82,Karalee,Spering,Chief Design Engineer,Human Resources,2021-01-21
060496,lfidoe83,Lonnie,Fidoe,Executive Secretary,Training,2022-03-12
351125,bfattorini84,Becca,Fattorini,Senior Editor,Accounting,2020-02-11
876325,mbarks85,Molli,Barks,Registered Nurse,Training,2022-01-10
294987,nseyler86,Nerti,Seyler,Senior Developer,Sales,2021-07-24
341661,pdibernardo87,Pamella,Di Bernardo,Geologist IV,Sales,2019-11-24
422404,woscanlon88,Webb,O'Scanlon,Librarian,Legal,2021-11-24
771566,ptipping89,Paola,Tipping,Nurse,Legal,2021-05-03
587353,hlerer8a,Harrison,Lerer,Nuclear Power Engineer,Product Management,2020-11-11
411842,faustins8b,Fidelia,Austins,Automation Specialist IV,Human Resources,2020-02-28
237026,sdugmore8c,Sylas,Dugmore,Sales Representative,Human Resources,2021-10-05
869206,lspellacey8d,Lyon,Spellacey,Legal Assistant,Marketing,2019-01-30
270041,dgerrit8e,Dollie,Gerrit,Compensation Analyst,Sales,2021-08-17
188356,pparell8f,Pail,Parell,Pharmacist,Services,2019-07-04
100776,agabbetis8g,Ardenia,Gabbetis,Clinical Specialist,Human Resources,2022-03-04
448234,apeete8h,Agata,Peete,Software Consultant,Accounting,2019-07-07
803621,lvitte8i,Liuka,Vitte,Environmental Tech,Services,2021-05-26
874767,srapaport8j,Suki,Rapaport,Software Consultant,Legal,2019-03-10
713993,ahacon8k,Annnora,Hacon,Software Test Engineer III,Product Management,2018-06-06
762026,ailden8l,Abraham,Ilden,Biostatistician II,Product Management,2021-10-08
529090,dfinlry8m,Dalis,Finlry,Research Associate,Services,2020-05-12
542626,bbride8n,Bale,Bride,Librarian,Business Development,2022-01-17
447476,mmcginly8o,Monti,McGinly,Design Engineer,Legal,2019-08-05
517145,ashellard8p,Arin,Shellard,VP Marketing,Accounting,2020-01-28
088879,jlubeck8q,Jobye,Lubeck,Senior Sales Associate,Accounting,2019-10-30
995200,tcorner8r,Tallie,Corner,Safety Technician II,Legal,2019-01-22
764875,hhardy8s,Heinrick,Hardy,Project Manager,Human Resources,2018-07-20
153333,frive8t,Finley,Rive,Nurse Practicioner,Training,2019-04-09
782581,dwasiel8u,Derrek,Wasiel,Biostatistician I,Support,2021-04-22
067904,eessel8v,Ethelyn,Essel,Human Resources Manager,Sales,2020-04-27
153023,hjunkinson8w,Harley,Junkinson,Quality Control Specialist,Human Resources,2020-04-08
360449,aliff8x,Alfred,Liff,Research Nurse,Engineering,2021-12-29
672110,tphelips8y,Timmy,Phelips,Systems Administrator III,Sales,2020-06-06
484281,nstlouis8z,Nerissa,St Louis,Quality Control Specialist,Legal,2021-04-19
195458,fmatys90,Frederich,Matys,Chemical Engineer,Legal,2020-09-06
263730,mirdale91,Merralee,Irdale,Product Engineer,Legal,2020-09-08
133964,spocke92,Sidoney,Pocke,Business Systems Development Analyst,Marketing,2018-09-23
715385,klyes93,Katrine,Lyes,Senior Editor,Research and Development,2018-08-07
179044,ncaughey94,Natalina,Caughey,Clinical Specialist,Marketing,2019-06-04
676198,dsmorthit95,Dre,Smorthit,Recruiting Manager,Services,2018-06-25
872576,bheatlie96,Bellanca,Heatlie,Tax Accountant,Business Development,2020-07-03
540326,bderwin97,Bogart,Derwin,Chief Design Engineer,Marketing,2021-07-22
116037,dbalchen98,Darcey,Balchen,Tax Accountant,Accounting,2022-02-01
068519,bdeighton99,Berthe,Deighton,Registered Nurse,Business Development,2019-08-22
202371,mloukes9a,Mollie,Loukes,Registered Nurse,Engineering,2022-02-04
381319,bhallmark9b,Belva,Hallmark,GIS Technical Architect,Research and Development,2019-07-09
200577,prenshaw9c,Phylys,Renshaw,Community Outreach Specialist,Accounting,2021-12-09
170130,azorzetti9d,Aguie,Zorzetti,Account Executive,Human Resources,2019-10-03
833866,jsommerfeld9e,Julie,Sommerfeld,Account Executive,Training,2018-05-01
206196,grash9f,Giustina,Rash,Sales Representative,Support,2020-02-15
428037,hbonass9g,Herb,Bonass,Biostatistician II,Training,2019-09-02
850760,gjames9h,Glynn,James,Environmental Tech,Human Resources,2018-10-12
039519,lbramont9i,Langston,Bramont,Librarian,Marketing,2022-02-26
691559,slightowler9j,Symon,Lightowler,Associate Professor,Accounting,2020-02-10
046705,skabos9k,Shanta,Kabos,Social Worker,Human Resources,2020-11-29
911873,bcolliar9l,Barbara-anne,Colliar,Data Coordiator,Business Development,2019-07-06
318253,clawley9m,Christie,Lawley,Staff Scientist,Research and Development,2019-01-22
803590,froswarne9n,Frankie,Roswarne,Account Coordinator,Human Resources,2019-01-26
523798,tacreman9o,Tamiko,Acreman,Office Assistant II,Legal,2022-01-26
271731,eblowes9p,Eb,Blowes,Nurse Practicioner,Training,2018-10-20
062513,focaherny9q,Ferdie,O'Caherny,Executive Secretary,Training,2020-02-24
769552,thuntley9r,Tiler,Huntley,Nuclear Power Engineer,Sales,2020-07-22
969438,kfransseni9s,Kira,Fransseni,Community Outreach Specialist,Engineering,2021-06-23
836368,lryton9t,Levey,Ryton,VP Marketing,Engineering,2019-01-04
710390,stenwick9u,Sherie,Tenwick,Senior Cost Accountant,Marketing,2019-10-27
548968,jmaccostye9v,Jaimie,MacCostye,Health Coach I,Business Development,2020-08-13
722460,bgrunson9w,Brew,Grunson,Staff Accountant II,Human Resources,2020-12-12
589770,rgillie9x,Renata,Gillie,Accounting Assistant I,Support,2019-05-24
414899,cmacguiness9y,Carlin,MacGuiness,Operator,Support,2020-10-27
172942,kbrussels9z,Kippar,Brussels,Computer Systems Analyst I,Business Development,2020-11-23
575617,dotterwella0,Derrick,Otterwell,Financial Advisor,Research and Development,2019-02-12
823843,sdarnborougha1,Stearn,Darnborough,Social Worker,Research and Development,2019-03-18
623278,cgrillsa2,Cindee,Grills,Electrical Engineer,Sales,2020-04-17
673391,mitzaksona3,Mateo,Itzakson,Recruiting Manager,Product Management,2019-01-03
619576,askeppera4,Alma,Skepper,Compensation Analyst,Product Management,2019-11-07
711850,vpahlera5,Vikki,Pahler,Database Administrator IV,Research and Development,2020-07-23
241616,jsemorada6,Janos,Semorad,Statistician III,Engineering,2019-10-02
874131,cshera7,Carmelia,Sher,Actuary,Support,2020-06-19
311418,tkeedya8,Tammy,Keedy,Staff Scientist,Engineering,2019-07-27
339633,bmacpharlaina9,Bradley,MacPharlain,Technical Writer,Marketing,2020-05-23
851648,nbattenaa,Napoleon,Batten,Engineer IV,Marketing,2021-07-27
098755,cbauldreyab,Cordula,Bauldrey,Mechanical Systems Engineer,Support,2021-07-21
269472,sbentinckac,Sunny,Bentinck,Dental Hygienist,Services,2019-03-14
576130,tbrokenshawad,Tim,Brokenshaw,Junior Executive,Legal,2021-03-30
470492,mbondarae,Morgan,Bondar,Automation Specialist II,Marketing,2019-06-05
195728,gruppelaf,Gilberto,Ruppel,Marketing Assistant,Sales,2018-08-04
960738,adaceyag,Aurilia,Dacey,Actuary,Accounting,2020-06-17
175129,vclemmensenah,Veronica,Clemmensen,Payment Adjustment Coordinator,Accounting,2021-09-27
002588,fcavieai,Fidelio,Cavie,VP Marketing,Sales,2022-01-31
981161,adabernottaj,Aida,Dabernott,Account Executive,Legal,2021-03-22
083902,bjuggingsak,Bonnee,Juggings,Speech Pathologist,Accounting,2021-01-23
340681,melcoatal,Magdalena,Elcoat,VP Sales,Human Resources,2021-08-26
318641,anoirelam,Ange,Noirel,Systems Administrator III,Services,2018-07-25
216630,ttixallan,Tremayne,Tixall,Senior Sales Associate,Engineering,2021-05-31
824348,emournianao,Euphemia,Mournian,Junior Executive,Research and Development,2021-07-06
434679,iferrieriap,Imogene,Ferrieri,Web Designer I,Accounting,2020-07-25
550768,ioffenaq,Isahella,Offen,Software Consultant,Sales,2021-12-11
353137,dtschiraschear,Dee,Tschirasche,Civil Engineer,Accounting,2018-06-12
269978,mcruickshankas,Myca,Cruickshank,Electrical Engineer,Human Resources,2019-02-22
088988,wthornat,Wilt,Thorn,Account Coordinator,Sales,2020-03-13
154799,pduffilau,Paton,Duffil,Human Resources Assistant I,Support,2019-11-16
138776,mdaughtonav,Merle,Daughton,Data Coordiator,Services,2019-06-07
184483,ddanbrookaw,Deane,Danbrook,Web Designer II,Training,2020-12-19
304948,wranaldax,Wain,Ranald,Financial Analyst,Legal,2021-11-24
448004,scarolanay,Sumner,Carolan,Statistician IV,Sales,2021-05-19
956465,shueaz,Suzi,Hue,Environmental Specialist,Engineering,2020-07-27
750580,lgrashab0,Leonanie,Grasha,Senior Cost Accountant,Services,2019-09-11
076293,kgrishaginb1,Kleon,Grishagin,Senior Editor,Product Management,2020-09-07
529920,sbaileb2,Suzette,Baile,Actuary,Marketing,2019-11-25
571407,pharbageb3,Penelope,Harbage,Business Systems Development Analyst,Research and Development,2019-05-17
592504,scrookshankb4,Sigvard,Crookshank,Quality Engineer,Services,2018-07-17
642199,jdumphryb5,Joy,Dumphry,Research Associate,Support,2020-12-16
706298,bmosesb6,Bambi,Moses,Actuary,Training,2018-12-14
485503,tjellyb7,Tull,Jelly,Nuclear Power Engineer,Business Development,2021-09-12
626324,nmccaneb8,Nolly,McCane,Teacher,Legal,2019-02-10
764467,lsteddallb9,Laraine,Steddall,Systems Administrator II,Business Development,2021-06-21
213822,ebettlestoneba,Eyde,Bettlestone,Database Administrator II,Marketing,2019-11-07
622334,dyaninbb,Derby,Yanin,Legal Assistant,Accounting,2018-06-26
028751,avalentettibc,Armand,Valentetti,Environmental Tech,Research and Development,2021-04-22
449418,brichemontbd,Barbabas,Richemont,Quality Control Specialist,Engineering,2020-06-09
555093,bgasparrobe,Breanne,Gasparro,Financial Analyst,Engineering,2020-07-15
028804,hschieferstenbf,Heloise,Schiefersten,Account Coordinator,Product Management,2019-09-23
609731,bjacobibg,Berget,Jacobi,Mechanical Systems Engineer,Human Resources,2018-12-06
560684,hleneybh,Hilary,Leney,Assistant Professor,Training,2019-12-11
829883,bluptonbi,Brett,Lupton,Marketing Manager,Training,2018-06-16
321856,jflickerbj,Jodi,Flicker,Senior Cost Accountant,Research and Development,2022-01-21
145435,jfitchewbk,Jsandye,Fitchew,Accountant III,Product Management,2021-03-06
024378,sclemmenbl,Sylas,Clemmen,Civil Engineer,Marketing,2018-11-04
820639,nchestnutbm,Nowell,Chestnut,Editor,Product Management,2020-05-30
722844,hberreclothbn,Hillier,Berrecloth,Actuary,Product Management,2019-02-03
599525,bthorpbo,Bernadine,Thorp,Marketing Manager,Human Resources,2021-02-15
209849,alamortbp,Annamaria,Lamort,Administrative Assistant II,Training,2021-03-16
737844,ldorwoodbq,Lianna,Dorwood,Account Coordinator,Training,2019-12-02
281440,lgladdishbr,Leontyne,Gladdish,Office Assistant I,Services,2018-10-26
103432,ggarriockbs,Gertrude,Garriock,Software Engineer III,Product Management,2022-04-04
662527,mschindlerbt,Margot,Schindler,Database Administrator II,Sales,2019-05-03
259774,rdorinbu,Rasla,Dorin,Clinical Specialist,Research and Development,2022-01-17
525304,hbuncombv,Hort,Buncom,Director of Sales,Product Management,2019-02-02
029343,cszymczykbw,Courtnay,Szymczyk,Nuclear Power Engineer,Training,2020-03-30
617200,mduprebx,Max,Du Pre,Staff Accountant III,Human Resources,2020-06-19
727689,eratnageby,Ervin,Ratnage,Systems Administrator I,Engineering,2019-04-28
524163,gstlegerbz,Galven,St. Leger,Analog Circuit Design manager,Accounting,2020-12-11
524431,mheasmanc0,Mile,Heasman,Editor,Support,2022-03-12
036352,cdunkertonc1,Caitrin,Dunkerton,Marketing Manager,Marketing,2021-03-19
646331,xmerfinc2,Ximenes,Merfin,Financial Advisor,Support,2019-05-31
988800,wbyrkmyrc3,Welch,Byrkmyr,Community Outreach Specialist,Research and Development,2019-11-30
261136,lgarattyc4,Lorelei,Garatty,Human Resources Manager,Training,2019-12-24
222609,ctesyroc5,Caspar,Tesyro,Desktop Support Technician,Services,2021-05-19
335245,nmethamc6,Nicholas,Metham,Assistant Professor,Human Resources,2021-11-20
096787,icurrc7,Ignaz,Curr,Cost Accountant,Product Management,2019-08-16
858128,pstorkc8,Pebrook,Stork,Community Outreach Specialist,Sales,2021-08-06
987761,kcraisec9,Kaia,Craise,Engineer II,Legal,2020-12-25
753312,nbillyardca,Nickolas,Billyard,Budget/Accounting Analyst III,Business Development,2022-01-15
387573,mramsbycb,Marten,Ramsby,VP Accounting,Sales,2020-03-13
933554,mtownsendcc,Marena,Townsend,Project Manager,Product Management,2021-05-08
551412,cferroniercd,Christye,Ferronier,Staff Scientist,Legal,2021-03-06
614808,mmatteace,Mignonne,Mattea,Budget/Accounting Analyst IV,Engineering,2021-03-15
161590,cdowzellcf,Chan,Dowzell,Account Coordinator,Product Management,2022-04-04
883240,rhuertacg,Richmond,Huerta,Human Resources Manager,Training,2019-07-12
953353,ehelstromch,Ealasaid,Helstrom,Programmer Analyst II,Training,2021-05-11
191042,cfoldci,Celinda,Fold,Software Consultant,Sales,2020-09-30
275646,adaintiercj,Alvera,Daintier,Design Engineer,Accounting,2019-08-20
911170,croubeixck,Cristin,Roubeix,Software Test Engineer II,Legal,2022-03-04
675076,colivercl,Chloris,Oliver,Account Representative III,Support,2019-05-14
671112,hbatistecm,Helsa,Batiste,Nurse,Business Development,2021-07-11
315722,rpesterfieldcn,Ranique,Pesterfield,Paralegal,Business Development,2018-05-17
527988,kpallatinaco,Kean,Pallatina,Project Manager,Training,2019-08-12
018056,nhebercp,Nelly,Heber,Graphic Designer,Sales,2021-11-17
814808,cwoodingscq,Cris,Woodings,Project Manager,Accounting,2019-09-05
772088,atattersillcr,Alexia,Tattersill,Electrical Engineer,Training,2022-04-01
146867,bpicknettcs,Broderick,Picknett,Chief Design Engineer,Business Development,2020-06-22
467072,bwhathamct,Bobinette,Whatham,Software Engineer I,Accounting,2018-08-15
626106,wbatmancu,Wylie,Batman,Occupational Therapist,Business Development,2019-12-28
454988,jbyngcv,Jud,Byng,Media Manager I,Support,2021-03-08
298022,pfaragancw,Pavel,Faragan,Computer Systems Analyst II,Support,2020-03-07
741315,mmcfaddencx,Marve,McFadden,Developer I,Research and Development,2021-04-24
015996,vmorefieldcy,Veronike,Morefield,Computer Systems Analyst II,Sales,2022-02-04
185388,bmacgaugheycz,Bendix,MacGaughey,Database Administrator II,Business Development,2019-01-07
729421,gagassd0,Gerald,Agass,Computer Systems Analyst IV,Sales,2018-08-07
495725,ddoled1,Dukie,Dole,Information Systems Manager,Product Management,2020-08-29
870867,cghilardid2,Clair,Ghilardi,Food Chemist,Services,2018-08-31
734606,thammand3,Trev,Hamman,Programmer IV,Human Resources,2019-12-09
331345,mkirgand4,Madge,Kirgan,Business Systems Development Analyst,Business Development,2019-09-19
706235,sbonid5,Sheelah,Boni,Structural Analysis Engineer,Engineering,2018-12-20
766063,bboyfordd6,Bertram,Boyford,Design Engineer,Business Development,2019-09-20
406382,wstidsond7,Willa,Stidson,Actuary,Training,2020-12-10
787446,kdesremediosd8,Kylen,des Remedios,Senior Quality Engineer,Legal,2021-09-23
749119,gpelld9,Grant,Pell,Occupational Therapist,Support,2019-02-20
149646,rmquhargeda,Roby,M'Quharge,Cost Accountant,Human Resources,2021-07-28
001607,omccalliondb,Obed,McCallion,Web Designer IV,Support,2021-09-30
724069,egravelldc,Evvy,Gravell,Information Systems Manager,Engineering,2019-11-13
353846,mmolendd,Maybelle,Molen,Structural Analysis Engineer,Human Resources,2020-12-21
347414,cwaltonde,Cecelia,Walton,Assistant Professor,Product Management,2020-05-17
328128,jnuschkedf,Jilly,Nuschke,Research Assistant II,Training,2021-04-04
995487,jmceacherndg,Jeremie,McEachern,Pharmacist,Business Development,2019-02-25
205655,kelvinsdh,Kaye,Elvins,Database Administrator II,Research and Development,2018-12-13
039003,kdowneydi,Kennedy,Downey,Assistant Media Planner,Engineering,2021-12-27
565985,knuttdj,Kiley,Nutt,Project Manager,Support,2021-05-08
048350,nghelarduccidk,Nert,Ghelarducci,Data Coordiator,Training,2022-04-10
299067,miannidl,Marline,Ianni,Assistant Media Planner,Product Management,2018-12-06
047541,creandm,Calla,Rean,Analog Circuit Design manager,Services,2020-01-02
336590,dicetondn,Domeniga,Iceton,Quality Control Specialist,Business Development,2022-03-07
734443,rolyunindo,Rosabel,Olyunin,Accounting Assistant IV,Business Development,2021-07-04
808125,dkirszdp,Dre,Kirsz,Human Resources Assistant I,Research and Development,2020-06-26
690670,bpechetdq,Babbie,Pechet,Internal Auditor,Sales,2021-09-12
967618,jscampiondr,Joceline,Scampion,Operator,Support,2019-09-13
767099,lworpoleds,Lianne,Worpole,Nurse,Research and Development,2019-08-28
545705,mvonnassaudt,Marji,von Nassau,Assistant Manager,Sales,2020-04-23
582103,cstudddu,Creight,Studd,Human Resources Assistant I,Research and Development,2019-01-16
648199,mtirreydv,Megan,Tirrey,Help Desk Technician,Product Management,2018-06-24
486702,mtittertondw,Marina,Titterton,Actuary,Training,2019-02-06
017571,lroycroftdx,Lydon,Roycroft,Data Coordiator,Legal,2018-05-31
217131,bnehlsdy,Babita,Nehls,Account Representative I,Human Resources,2018-08-16
204812,npickarddz,Nolie,Pickard,Account Representative II,Support,2018-11-01
042752,mfrottone0,Malinda,Frotton,Teacher,Training,2019-03-01
772091,sshearne1,Selene,Shearn,Business Systems Development Analyst,Legal,2021-02-13
056782,jhuffe2,Jenica,Huff,Recruiter,Training,2018-09-26
927837,mmacbethe3,Marius,Macbeth,Payment Adjustment Coordinator,Human Resources,2020-10-15
061650,agerye4,Allayne,Gery,Research Assistant III,Engineering,2022-02-23
578131,dgriege5,Darla,Grieg,Financial Advisor,Support,2019-07-08
065518,ssporgeone6,Sosanna,Sporgeon,Senior Quality Engineer,Support,2018-09-29
398462,asorbeye7,Artus,Sorbey,Engineer I,Business Development,2019-03-31
399082,zsuddicke8,Zulema,Suddick,Technical Writer,Marketing,2021-03-25
542221,ctomaszkiewicze9,Conny,Tomaszkiewicz,Research Associate,Product Management,2018-08-06
076015,iblydeea,Issiah,Blyde,Analog Circuit Design manager,Product Management,2018-11-26
207150,mlindemaneb,Marietta,Lindeman,Technical Writer,Accounting,2020-03-29
072630,alittellec,Abagail,Littell,Staff Scientist,Engineering,2021-06-25
879636,chailed,Cybil,Hail,Staff Accountant II,Product Management,2021-05-13
106271,rfulkeree,Renate,Fulker,Help Desk Technician,Business Development,2018-07-24
574606,bnayeref,Benjie,Nayer,Financial Advisor,Engineering,2019-03-18
460870,crunnallseg,Curry,Runnalls,Senior Quality Engineer,Human Resources,2019-03-27
143394,ubillingslyeh,Uri,Billingsly,Research Assistant III,Support,2019-12-29
875041,triccelliei,Teddi,Riccelli,Quality Control Specialist,Services,2021-03-07
784348,jsinesej,Jobyna,Sines,Structural Engineer,Sales,2021-01-29
770026,fhuisonek,Ferguson,Huison,Senior Developer,Accounting,2019-12-15
806350,cgeorgeel,Chico,George,Help Desk Operator,Human Resources,2022-02-23
519540,caldrenem,Courtenay,Aldren,General Manager,Business Development,2021-12-03
859792,dmckintyen,Dione,McKinty,Nuclear Power Engineer,Training,2019-09-09
321864,kkeunemanneo,Kurtis,Keunemann,Safety Technician I,Engineering,2019-10-10
603372,ncharityep,Nealon,Charity,Help Desk Operator,Marketing,2019-12-25
941465,bmcilwreatheq,Barton,McIlwreath,Account Coordinator,Human Resources,2021-01-28
326935,xskillerner,Xerxes,Skillern,Director of Sales,Product Management,2019-04-02
713913,rblackahes,Rahel,Blackah,Developer II,Legal,2019-03-17
782223,ischollinget,Israel,Scholling,Accounting Assistant I,Training,2020-08-29
882022,ematteuzzieu,Erena,Matteuzzi,Pharmacist,Research and Development,2018-12-18
742784,astatenev,Ami,Staten,Analog Circuit Design manager,Business Development,2021-07-03
680873,rmacmenamieew,Raffaello,MacMenamie,Accounting Assistant III,Sales,2019-02-12
592223,ngladingex,Norry,Glading,Account Representative III,Sales,2020-02-29
578576,emathiotey,Emalia,Mathiot,Analog Circuit Design manager,Sales,2022-01-17
256664,rcopleyez,Ranique,Copley,Senior Financial Analyst,Accounting,2021-07-03
294049,aemblenf0,Ambrosio,Emblen,Community Outreach Specialist,Services,2018-11-06
791726,bbirthf1,Bronnie,Birth,Software Consultant,Engineering,2021-03-26
632667,rsedgeworthf2,Rikki,Sedgeworth,Environmental Tech,Legal,2018-05-17
107323,mprinef3,Murdoch,Prine,Design Engineer,Product Management,2019-02-18
803804,ezecchiniif4,Ellynn,Zecchinii,Physical Therapy Assistant,Business Development,2021-01-18
934710,fmackiesonf5,Francisca,Mackieson,Payment Adjustment Coordinator,Legal,2020-12-15
397185,cliddallf6,Cyrill,Liddall,Research Nurse,Product Management,2019-03-07
442760,mthorntondewhirstf7,Matti,Thornton-Dewhirst,Staff Scientist,Training,2021-01-22
956252,ctaconf8,Cherise,Tacon,Clinical Specialist,Human Resources,2021-04-16
741969,cendersbyf9,Connie,Endersby,Administrative Assistant III,Services,2019-12-16
733763,gkirsopfa,Genevra,Kirsop,GIS Technical Architect,Human Resources,2021-03-11
570574,cpotkinsfb,Caryn,Potkins,Account Executive,Engineering,2018-08-28
055164,ckneelfc,Culley,Kneel,Safety Technician III,Accounting,2020-07-27
808580,jgarretfd,Jenna,Garret,Staff Scientist,Product Management,2018-08-24
254428,lstivefe,Lauri,Stive,Teacher,Research and Development,2018-06-14
323027,hromaff,Huntley,Roma,Mechanical Systems Engineer,Sales,2018-10-14
383400,tsteersfg,Teddy,Steers,Nurse,Training,2019-11-19
775732,ispratlingfh,Irv,Spratling,Operator,Product Management,2018-07-06
679211,dbegginfi,Deloria,Beggin,Payment Adjustment Coordinator,Training,2018-10-17
653575,htalloefj,Hannie,Talloe,VP Quality Control,Research and Development,2021-04-02
484323,erudallfk,Elinore,Rudall,Executive Secretary,Sales,2022-01-05
023604,ntrumperfl,Neda,Trumper,Software Engineer III,Research and Development,2020-01-31
839751,hliddyfm,Helga,Liddy,Environmental Tech,Business Development,2021-07-21
603102,dcanavanfn,Dena,Canavan,Senior Cost Accountant,Accounting,2019-09-09
442350,nburgettfo,Netta,Burgett,Marketing Assistant,Services,2020-08-23
797237,yjoselsonfp,Yetty,Joselson,Help Desk Technician,Product Management,2019-08-17
526662,ccallenfq,Clywd,Callen,Statistician I,Human Resources,2018-12-11
004661,jroddickfr,Julianne,Roddick,Media Manager III,Services,2020-03-12
460633,ecorradinifs,Edyth,Corradini,Associate Professor,Research and Development,2019-01-18
452979,hvearft,Hester,Vear,Software Consultant,Research and Development,2019-04-17
605068,mblagdenfu,Meridel,Blagden,Media Manager II,Training,2021-10-21
878877,clambersenfv,Chandra,Lambersen,Budget/Accounting Analyst II,Engineering,2021-02-02
471476,alawlingsfw,Alphonse,Lawlings,Staff Accountant II,Business Development,2021-07-02
313999,jfalconertaylorfx,Janeva,Falconer-Taylor,Chemical Engineer,Legal,2018-07-02
404263,mstilemanfy,Merna,Stileman,Senior Editor,Human Resources,2019-04-08
676264,ldumbeltonfz,Lucy,Dumbelton,Staff Scientist,Support,2020-07-30
766697,ereasceg0,Enrica,Reasce,Help Desk Operator,Support,2019-10-30
959879,amckuneg1,Adore,McKune,Senior Developer,Support,2019-08-07
214823,faldissg2,Farlie,Aldiss,Statistician IV,Business Development,2021-02-20
525790,bwhissong3,Blinnie,Whisson,Nurse Practicioner,Sales,2021-06-23
715126,bdenisckeg4,Beitris,Deniscke,Project Manager,Accounting,2020-07-02
468410,jdang5,Jamal,Dan,VP Quality Control,Research and Development,2022-01-13
013317,apreshog6,Audra,Presho,Senior Sales Associate,Business Development,2021-03-12
727579,abeacong7,Anthe,Beacon,Statistician II,Legal,2020-03-13
398177,glippiattg8,Gaylord,Lippiatt,Web Developer IV,Human Resources,2020-06-01
460979,rpackg9,Ruthann,Pack,Senior Developer,Human Resources,2022-01-07
053548,ttivenanga,Trudy,Tivenan,Budget/Accounting Analyst II,Sales,2019-09-30
876936,gpetrellogb,Glenn,Petrello,Payment Adjustment Coordinator,Legal,2018-05-11
155798,afullagargc,Alicia,Fullagar,Geological Engineer,Human Resources,2018-08-08
373465,rgillettgd,Robert,Gillett,Automation Specialist I,Training,2018-09-15
529988,ajoelge,Ardra,Joel,Safety Technician I,Marketing,2020-08-28
418715,ctullethgf,Cletus,Tulleth,Developer IV,Human Resources,2019-02-26
943883,lsymmsgg,Luther,Symms,Nurse Practicioner,Services,2018-11-26
222342,lspinelligh,Laurent,Spinelli,Accounting Assistant III,Accounting,2020-11-23
652538,lgallegi,Lesley,Galle,VP Accounting,Human Resources,2021-04-05
991060,liacobogj,Lucita,Iacobo,Geological Engineer,Accounting,2021-12-27
651556,cdagongk,Christoffer,Dagon,Staff Accountant IV,Business Development,2020-01-02
276377,dthorntondewhirstgl,Dwain,Thornton-Dewhirst,Staff Accountant IV,Support,2021-02-26
317842,dkunnekegm,Deeyn,Kunneke,Account Representative II,Accounting,2021-04-15
459890,iellowaygn,Isadora,Elloway,Dental Hygienist,Research and Development,2021-09-27
938272,gprescotgo,Gennie,Prescot,Nurse Practicioner,Legal,2021-05-09
740797,mkerleygp,Maris,Kerley,Operator,Accounting,2018-07-22
607891,rvanshingq,Reidar,Vanshin,Nuclear Power Engineer,Legal,2021-05-07
815586,elabbezgr,Emmott,Labbez,Editor,Research and Development,2018-12-11
426299,lhaddengs,Lonee,Hadden,Research Assistant III,Human Resources,2018-05-31
107098,gcreenangt,Genny,Creenan,Assistant Manager,Services,2019-03-04
497852,efarnongu,Elisabet,Farnon,Tax Accountant,Human Resources,2021-12-06
097814,mkobugv,Matthiew,Kobu,Operator,Legal,2021-11-28
236126,ipitchergw,Irita,Pitcher,Administrative Officer,Human Resources,2022-04-10
612422,avarcoegx,Allen,Varcoe,Health Coach II,Marketing,2019-06-20
377617,jsiccombegy,Josee,Siccombe,Structural Engineer,Human Resources,2021-03-21
592383,bmooresgz,Betti,Moores,Nurse,Accounting,2021-10-12
315859,reveringtonh0,Rafi,Everington,Junior Executive,Human Resources,2020-10-22
911753,skolodziejskih1,Sharona,Kolodziejski,Environmental Specialist,Sales,2019-08-08
793156,epeatheyjohnsh2,Emmalynne,Peatheyjohns,Administrative Assistant I,Training,2021-10-24
645802,cmannakeeh3,Cherish,Mannakee,Senior Developer,Human Resources,2018-05-05
704471,nfransemaih4,Netti,Fransemai,Structural Engineer,Product Management,2021-09-26
661692,lbrownsmithh5,Letitia,Brownsmith,Junior Executive,Legal,2019-10-13
900651,wcalfeh6,Waldon,Calfe,Director of Sales,Accounting,2019-02-03
586879,peyamh7,Paco,Eyam,Nurse,Product Management,2020-10-03
061002,mcominelloh8,Maxwell,Cominello,Nuclear Power Engineer,Accounting,2022-01-04
916109,wsymesh9,Willamina,Symes,Statistician III,Product Management,2019-10-16
300321,kevendenha,Kilian,Evenden,Web Designer II,Engineering,2019-07-08
272061,vdonanhb,Vinnie,Donan,Budget/Accounting Analyst I,Training,2022-01-25
484942,msloeyhc,Megan,Sloey,Operator,Training,2021-02-21
419452,mbravingtonhd,Matt,Bravington,Recruiting Manager,Sales,2022-01-28
806608,tpauluccihe,Tommi,Paulucci,Financial Advisor,Services,2021-09-25
336578,dgiacobinihf,Dedie,Giacobini,Associate Professor,Accounting,2018-09-23
614636,agravehg,Aleda,Grave,Cost Accountant,Training,2019-05-18
674369,mpictonhh,Micki,Picton,GIS Technical Architect,Human Resources,2019-09-14
115819,apauleyhi,Alexina,Pauley,Senior Financial Analyst,Product Management,2021-05-23
401766,pmcsheehj,Prudy,McShee,Social Worker,Accounting,2020-11-06
794348,bwhistlecrafthk,Butch,Whistlecraft,Clinical Specialist,Training,2018-05-23
553088,dcoathamhl,Delmor,Coatham,Executive Secretary,Training,2018-12-25
568427,bgallallyhm,Beverlie,Gallally,Senior Developer,Marketing,2022-03-09
965572,gmingayehn,Gabie,Mingaye,Help Desk Operator,Accounting,2020-09-09
989683,gparvinho,Galvan,Parvin,Speech Pathologist,Sales,2018-09-14
337277,gwickeshp,Gorden,Wickes,Geologist III,Marketing,2021-10-14
557972,hgraviehq,Hank,Gravie,Accounting Assistant I,Human Resources,2022-02-07
801738,catchesonhr,Clement,Atcheson,Administrative Assistant I,Training,2019-09-16
959063,bvreedehs,Borden,Vreede,Desktop Support Technician,Marketing,2020-07-12
128974,cdablinht,Carlina,Dablin,Help Desk Operator,Accounting,2022-01-28
044909,gabbisonhu,Gottfried,Abbison,Occupational Therapist,Legal,2022-04-06
302673,twagghv,Tibold,Wagg,Research Nurse,Product Management,2020-11-25
609385,efriesehw,Ethe,Friese,Research Assistant III,Support,2018-07-22
075162,jlegginhx,Jolie,Leggin,Financial Advisor,Research and Development,2018-05-06
922152,jhunnaballhy,Jabez,Hunnaball,Director of Sales,Services,2019-02-13
398800,aeldredhz,Alica,Eldred,Account Executive,Services,2019-02-11
928058,jsmullini0,Joyann,Smullin,Office Assistant II,Legal,2020-11-23
677940,bdurtnalli1,Briggs,Durtnall,Developer IV,Human Resources,2021-04-29
795673,ccrossmani2,Cyndy,Crossman,Biostatistician III,Product Management,2020-08-22
557811,aspurretti3,Adelice,Spurrett,Staff Scientist,Accounting,2020-01-02
285542,jriegeri4,Jemima,Rieger,Help Desk Operator,Training,2019-11-22
322797,eparlotti5,Edin,Parlott,Financial Advisor,Research and Development,2020-11-05
399133,mpincheni6,Marnia,Pinchen,Business Systems Development Analyst,Product Management,2021-03-07
549665,sorteui7,Sidnee,Orteu,Design Engineer,Legal,2019-04-17
669780,rcaeni8,Rebe,Caen,Internal Auditor,Accounting,2021-04-01
049174,speepalli9,Sebastien,Peepall,Nurse,Marketing,2018-09-28
406014,cbirtleyia,Carmina,Birtley,Help Desk Operator,Sales,2020-08-05
661298,garboinib,Gaylord,Arboin,Account Representative II,Services,2018-08-15
896929,lthackwrayic,Linette,Thackwray,VP Accounting,Engineering,2019-01-30
497167,bgreggsid,Bartholomeus,Greggs,Food Chemist,Legal,2018-12-01
490226,fmcevoyie,Florida,McEvoy,Geological Engineer,Services,2019-07-12
223015,mlanghamif,Mathew,Langham,Senior Developer,Legal,2021-12-31
467755,bmccarlyig,Blancha,McCarly,Programmer IV,Research and Development,2019-09-23
843246,sjeaninih,Smith,Jeanin,Help Desk Technician,Sales,2019-02-01
638238,cmacrierieii,Christabel,MacRierie,Editor,Support,2019-02-08
107509,sbalaisonij,Shalne,Balaison,Administrative Assistant II,Engineering,2021-02-16
869189,maitkenik,Marlene,Aitken,Human Resources Manager,Marketing,2021-06-02
367185,agrishakovil,Avivah,Grishakov,Clinical Specialist,Sales,2019-05-21
118899,rceciim,Roosevelt,Ceci,Pharmacist,Business Development,2020-09-29
271540,rbarkshirein,Roy,Barkshire,Senior Sales Associate,Sales,2022-02-26
795462,ndykeio,Nadiya,Dyke,Research Assistant II,Legal,2020-11-17
250968,thaveip,Tanhya,Have,Senior Editor,Training,2020-09-19
158732,vsharplesiq,Vite,Sharples,VP Sales,Business Development,2022-03-07
601234,csnellir,Calypso,Snell,Executive Secretary,Research and Development,2019-11-22
350555,wlimerickis,Waiter,Limerick,Financial Advisor,Business Development,2019-07-24
306348,tredmellit,Tiffy,Redmell,Staff Accountant III,Human Resources,2020-04-14
461816,tquinniu,Thacher,Quinn,Graphic Designer,Legal,2020-09-09
165804,rstannahiv,Ruthanne,Stannah,Senior Sales Associate,Support,2021-06-24
618583,areadettiw,Akim,Readett,Professor,Product Management,2020-12-03
503408,jyewdaleix,Jenda,Yewdale,Civil Engineer,Research and Development,2018-08-30
675147,neddisforthiy,Nicolina,Eddisforth,Marketing Assistant,Marketing,2018-10-24
686166,mosboldstoneiz,Michel,Osboldstone,Community Outreach Specialist,Research and Development,2021-03-14
811658,askeelj0,Aloysius,Skeel,Staff Accountant II,Marketing,2018-05-24
965843,jmechij1,Jenni,Mechi,Automation Specialist III,Product Management,2020-04-18
272577,dpresserj2,Darn,Presser,Research Associate,Support,2018-07-08
765498,dtrunkfieldj3,Dewie,Trunkfield,Clinical Specialist,Sales,2019-07-10
155455,gmcginnyj4,Gayle,McGinny,Librarian,Sales,2019-02-13
095676,cambrodij5,Celestina,Ambrodi,Graphic Designer,Product Management,2021-11-10
399095,dmcilvennyj6,Denna,McIlvenny,Associate Professor,Sales,2020-02-12
408090,arembrantj7,Alasteir,Rembrant,VP Sales,Training,2019-10-22
289220,amelbertj8,Andriana,Melbert,VP Accounting,Business Development,2022-01-08
559811,rperfordj9,Row,Perford,Product Engineer,Accounting,2020-02-01
576523,kblestja,Karin,Blest,Human Resources Manager,Business Development,2021-09-18
642969,rhavercroftjb,Raddy,Havercroft,Civil Engineer,Sales,2019-07-01
125460,ptowejc,Pembroke,Towe,Senior Sales Associate,Human Resources,2018-10-19
987645,sgovierjd,Sherwin,Govier,Nuclear Power Engineer,Sales,2019-05-08
864541,speraccoje,Stanislas,Peracco,Occupational Therapist,Support,2020-08-21
759234,nticklejf,Norton,Tickle,Pharmacist,Marketing,2021-03-23
759918,dgiovannardijg,Dwain,Giovannardi,Payment Adjustment Coordinator,Business Development,2020-01-04
003182,gclarkejh,Gertruda,Clarke,Biostatistician II,Human Resources,2019-10-30
211209,ashewenji,Alfredo,Shewen,Environmental Specialist,Sales,2018-12-27
936837,dclacejj,Dylan,Clace,Marketing Assistant,Product Management,2020-06-04
122401,bhaytojk,Brunhilda,Hayto,Technical Writer,Legal,2021-11-22
227497,rmithunjl,Reine,Mithun,Project Manager,Training,2018-05-09
413812,ospinojm,Olwen,Spino,Occupational Therapist,Legal,2019-04-02
410341,ccattralljn,Catlaina,Cattrall,Compensation Analyst,Engineering,2019-12-07
363459,gcottamjo,Gabriel,Cottam,Operator,Engineering,2021-08-14
010319,apalluschekjp,Adrianne,Palluschek,Recruiting Manager,Sales,2020-09-24
062772,vhalltjq,Vina,Hallt,Senior Cost Accountant,Product Management,2018-06-02
451488,wyegoshinjr,Walther,Yegoshin,Analyst Programmer,Business Development,2019-03-22
315196,dtwelvetreejs,Dinnie,Twelvetree,Structural Engineer,Legal,2020-12-19
808227,mcassidyjt,Mommy,Cassidy,Editor,Human Resources,2021-08-24
395649,wpindarju,William,Pindar,Civil Engineer,Accounting,2021-11-03
184288,cholbarrowjv,Cornelius,Holbarrow,GIS Technical Architect,Support,2020-10-14
890041,vpinfoldjw,Vonny,Pinfold,Occupational Therapist,Legal,2022-03-22
507641,mpeoplejx,Mallory,People,Administrative Assistant IV,Legal,2019-08-23
726208,strangmarjy,Shannah,Trangmar,Civil Engineer,Training,2018-09-07
257283,trainvillejz,Thomasa,Rainville,Budget/Accounting Analyst IV,Services,2018-08-31
797169,adumbeltonk0,Ally,Dumbelton,Sales Associate,Training,2021-02-26
931163,agerantk1,Annnora,Gerant,Account Executive,Product Management,2018-09-11
811897,ssmuthk2,Sigmund,Smuth,Editor,Accounting,2022-03-26
474420,kheardk3,Kynthia,Heard,Legal Assistant,Services,2018-08-13
607982,jturneauxk4,Jaquith,Turneaux,Actuary,Services,2019-03-03
782511,lwrightk5,Lindsay,Wright,Staff Accountant II,Human Resources,2021-05-31
946827,straskk6,Susannah,Trask,Geologist I,Accounting,2021-11-12
484396,cscuphamk7,Christan,Scupham,Payment Adjustment Coordinator,Research and Development,2018-12-06
677378,eoneillk8,Ethyl,Oneill,VP Quality Control,Product Management,2020-03-21
603738,igutmank9,Ingrid,Gutman,Software Engineer I,Accounting,2021-10-20
883254,ttomaszynskika,Thatcher,Tomaszynski,Environmental Specialist,Research and Development,2021-08-29
684499,bforankb,Bentlee,Foran,Biostatistician I,Support,2019-08-17
314566,lcastledinekc,Lalo,Castledine,Registered Nurse,Accounting,2021-10-22
679005,cstendallkd,Caralie,Stendall,Junior Executive,Marketing,2018-08-01
139437,asnuggske,Abbe,Snuggs,Sales Representative,Human Resources,2022-03-13
108072,asambrookkf,Angeli,Sambrook,Analog Circuit Design manager,Engineering,2021-05-23
144875,ucoomkg,Uriel,Coom,Paralegal,Product Management,2022-02-17
980835,snutbeemkh,Sheri,Nutbeem,Accounting Assistant II,Sales,2019-02-05
872992,ahaughanki,Anthiathia,Haughan,Physical Therapy Assistant,Legal,2018-08-13
886754,cswendellkj,Cassaundra,Swendell,Marketing Manager,Research and Development,2018-07-16
371995,pkretchmerkk,Phaedra,Kretchmer,Research Assistant IV,Business Development,2020-07-25
615027,aglederkl,Adela,Gleder,Health Coach IV,Business Development,2020-09-15
342642,gbradlaughkm,Guthry,Bradlaugh,Business Systems Development Analyst,Business Development,2020-07-27
155580,pdodingkn,Pavlov,Doding,Help Desk Technician,Accounting,2020-09-22
305915,rbeardallko,Rose,Beardall,Registered Nurse,Business Development,2020-09-12
661668,atunekp,Antonino,Tune,Staff Accountant II,Training,2018-11-24
816861,rmullerkq,Rivi,Muller,VP Marketing,Marketing,2019-03-10
697933,bhigounetkr,Blithe,Higounet,Senior Editor,Engineering,2018-08-28
643846,ebrehatks,Ernesta,Brehat,Biostatistician III,Engineering,2021-01-21
591500,jbrancakt,Jourdain,Branca,Account Executive,Product Management,2019-11-04
520735,etownshendku,Edward,Townshend,Health Coach I,Human Resources,2018-10-23
150663,rbwyekv,Ricard,Bwye,VP Sales,Services,2021-08-23
045606,dmartinsonkw,Deerdre,Martinson,Food Chemist,Research and Development,2022-03-31
807727,hlowreskx,Hilary,Lowres,Social Worker,Accounting,2020-10-25
362357,ivanderstraatenky,Isabelle,Van Der Straaten,Systems Administrator II,Services,2020-12-17
022121,opordalkz,Odelia,Pordal,Librarian,Human Resources,2020-02-03
700755,sfishleighl0,Shelly,Fishleigh,Biostatistician II,Training,2019-04-13
333210,nioselevl1,Nichols,Ioselev,Senior Sales Associate,Accounting,2021-02-27
374637,jedmensonl2,Judi,Edmenson,Tax Accountant,Engineering,2020-07-04
397596,crosenbladl3,Corbie,Rosenblad,Information Systems Manager,Support,2022-02-24
086819,amagorl4,Alanah,Magor,Web Designer IV,Human Resources,2021-09-05
399464,sregglerl5,Sibylla,Reggler,Senior Quality Engineer,Accounting,2018-06-04
545227,cpittwayl6,Ceil,Pittway,Nuclear Power Engineer,Training,2021-06-04
641668,bshackladyl7,Brinn,Shacklady,Operator,Accounting,2020-04-10
180003,fjasikl8,Floris,Jasik,Product Engineer,Sales,2019-03-01
680442,clangranl9,Chaim,Langran,Senior Sales Associate,Marketing,2018-09-09
951995,tmeugensla,Thoma,Meugens,VP Marketing,Research and Development,2020-03-30
596037,aescoffierlb,Alyosha,Escoffier,Technical Writer,Engineering,2019-05-13
799207,kgerhardtlc,Kayle,Gerhardt,Administrative Assistant I,Legal,2018-11-29
382456,emordeyld,Elyse,Mordey,Registered Nurse,Support,2018-09-03
464373,ebassingdenle,Evelyn,Bassingden,Engineer II,Accounting,2019-10-13
055251,dgayterlf,Dennis,Gayter,Design Engineer,Services,2019-06-10
739244,devangelinoslg,Damaris,Evangelinos,Compensation Analyst,Sales,2019-06-27
844176,echsteneylh,Earvin,Chsteney,Web Designer I,Legal,2020-06-03
155764,tcorrieali,Tripp,Corriea,Sales Representative,Support,2020-06-22
725294,eelnerlj,Elsie,Elner,Sales Representative,Business Development,2018-06-27
555422,adeglanvillelk,Anthe,de Glanville,Research Assistant I,Legal,2021-12-06
699743,agazell,Andrew,Gaze,Community Outreach Specialist,Legal,2022-02-27
780252,lbarhamslm,Linet,Barhams,Assistant Manager,Marketing,2018-12-21
291658,crouchln,Charmane,Rouch,Graphic Designer,Training,2018-09-23
361603,ategellerlo,Ahmed,Tegeller,Tax Accountant,Human Resources,2021-06-17
166610,rhapgoodlp,Roobbie,Hapgood,Assistant Manager,Accounting,2020-07-28
229883,bseamanslq,Bat,Seamans,Research Associate,Marketing,2020-09-16
570732,scannanlr,Samuele,Cannan,Dental Hygienist,Legal,2021-06-26
911809,dvorleyls,Dyane,Vorley,VP Accounting,Business Development,2018-09-29
264200,pcotteylt,Phil,Cottey,Director of Sales,Services,2022-02-20
065980,tdenerleylu,Therine,Denerley,Graphic Designer,Legal,2021-08-04
049387,blongbottomlv,Bernita,Longbottom,Account Coordinator,Research and Development,2019-05-16
102181,ddossettorlw,Danielle,Dossettor,Software Engineer IV,Research and Development,2018-08-08
618043,wjurnlx,Wendie,Jurn,Sales Representative,Sales,2019-09-27
342709,hneavesly,Helenka,Neaves,Sales Associate,Sales,2021-10-29
449319,marchbelllz,Mignonne,Archbell,Quality Control Specialist,Engineering,2022-02-19
487734,dabbysm0,Dorris,Abbys,Internal Auditor,Legal,2019-07-14
179783,wstenninem1,Wakefield,Stennine,Senior Editor,Training,2018-07-13
786612,mcopperwaitem2,Melloney,Copperwaite,Tax Accountant,Business Development,2021-11-09
823920,saymericm3,Sharia,Aymeric,Financial Advisor,Human Resources,2019-09-26
413990,robeirnem4,Rachel,O'Beirne,Project Manager,Sales,2019-12-10
984160,msoigouxm5,Mallorie,Soigoux,Director of Sales,Sales,2021-12-26
281739,nmunningsm6,Nigel,Munnings,Research Associate,Human Resources,2021-08-30
498157,zrookesbym7,Zacharie,Rookesby,Dental Hygienist,Marketing,2021-09-24
259125,ebainesm8,Elnore,Baines,Research Associate,Support,2020-12-17
947573,jhobdenm9,Joanne,Hobden,Administrative Officer,Sales,2021-12-27
855881,edooganma,Elenore,Doogan,Budget/Accounting Analyst II,Accounting,2021-02-27
909864,cyoungmb,Cortney,Young,Senior Developer,Accounting,2021-01-01
128433,fcoombsmc,Fanechka,Coombs,Data Coordiator,Sales,2021-12-25
979498,sbeagleholemd,Stefanie,Beaglehole,Geologist IV,Business Development,2020-02-15
374262,mmushaweme,Milena,Mushawe,Geologist II,Marketing,2019-04-17
010527,mtoffelmf,Mandy,Toffel,Financial Analyst,Research and Development,2022-01-09
714491,tcamellimg,Tabor,Camelli,Administrative Assistant II,Services,2018-10-13
922817,kpritermh,Karl,Priter,Senior Financial Analyst,Support,2020-07-11
626765,dsapeymi,Dedie,Sapey,Electrical Engineer,Accounting,2019-05-30
984542,jantukmj,Jinny,Antuk,Financial Analyst,Product Management,2020-08-20
563484,egiacomonimk,Evangelia,Giacomoni,Geological Engineer,Support,2021-07-17
682877,gburdikinml,Glenn,Burdikin,Systems Administrator II,Engineering,2021-11-10
420021,wruslingemm,Wolfy,Ruslinge,Quality Control Specialist,Human Resources,2019-09-13
937893,rloaldaymn,Rosabelle,Loalday,Staff Accountant III,Product Management,2021-11-13
386033,gcoultermo,Glenna,Coulter,Environmental Specialist,Research and Development,2020-10-29
772931,bdohrmannmp,Bernadina,Dohrmann,Junior Executive,Legal,2019-04-24
342717,jeassonmq,Jill,Easson,Recruiter,Services,2021-03-10
953386,mcawthornemr,Montgomery,Cawthorne,Database Administrator III,Support,2019-07-08
472805,fpoltonems,Frasier,Poltone,VP Product Management,Business Development,2019-11-17
038628,largontmt,Lanny,Argont,Help Desk Technician,Sales,2021-10-25
475201,sjanawaymu,Sheela,Janaway,Electrical Engineer,Human Resources,2021-12-04
688392,igraalmansmv,Iain,Graalmans,Geologist IV,Business Development,2020-08-18
882168,lrankinemw,Lesly,Rankine,Speech Pathologist,Research and Development,2021-05-22
797199,wosininmx,Wanids,Osinin,Graphic Designer,Training,2018-09-25
036483,pmacswaydemy,Prudence,MacSwayde,Nurse Practicioner,Sales,2018-09-09
542513,rtonbyemz,Richart,Tonbye,Marketing Manager,Training,2021-06-12
412043,gtomasin0,Garwin,Tomasi,VP Sales,Legal,2019-08-02
637832,spressdeen1,Suzann,Pressdee,Recruiting Manager,Support,2018-06-19
039344,bkibardn2,Biddy,Kibard,Nurse,Engineering,2020-09-03
812857,gmilbournen3,Gerry,Milbourne,Internal Auditor,Support,2020-03-30
720390,hstranksn4,Hakim,Stranks,Engineer III,Product Management,2021-06-06
234126,mhairen5,Myrvyn,Haire,Associate Professor,Services,2021-12-17
528201,jrahln6,Jennette,Rahl,Director of Sales,Engineering,2019-02-11
032787,bsolomonidesn7,Binky,Solomonides,Electrical Engineer,Training,2019-07-18
881225,qstartn8,Quinta,Start,Structural Engineer,Accounting,2021-05-20
669550,spadillon9,Seka,Padillo,Geologist II,Marketing,2020-03-06
199671,lpettecrewna,Leighton,Pettecrew,Developer III,Support,2021-01-12
791567,npaulonnb,Nye,Paulon,Health Coach IV,Support,2021-01-10
245811,ljiricknc,Lezlie,Jirick,Web Designer I,Accounting,2019-05-10
331697,clutennd,Catriona,Luten,Safety Technician II,Sales,2019-12-31
952587,lruspinene,Lorette,Ruspine,Health Coach I,Business Development,2021-10-26
704496,smcurenf,Sholom,McUre,Developer II,Services,2021-01-26
816117,kspringhamng,Kori,Springham,Project Manager,Human Resources,2018-12-26
843865,adelahaynh,Abbye,De La Hay,Structural Analysis Engineer,Business Development,2019-06-27
779951,gcasaccioni,Gizela,Casaccio,Structural Engineer,Research and Development,2020-05-12
534333,wforsternj,Willamina,Forster,Sales Representative,Support,2021-02-13
813560,smacsweennk,Shani,MacSween,Registered Nurse,Accounting,2019-03-19
987304,csibunnl,Consalve,Sibun,Web Developer II,Marketing,2020-11-23
376598,gspurrittnm,Gilli,Spurritt,Financial Advisor,Services,2018-05-11
728489,gbilovusnn,Gratiana,Bilovus,Analog Circuit Design manager,Services,2021-04-03
880772,bantoniettino,Boothe,Antonietti,Senior Editor,Services,2022-01-29
929807,ajouennp,Arabela,Jouen,Community Outreach Specialist,Accounting,2019-11-08
686744,ehatchardnq,Emlyn,Hatchard,Food Chemist,Legal,2021-11-15
175827,tvanyushinnr,Tillie,Vanyushin,Health Coach III,Engineering,2019-03-03
440425,vbuftonns,Vanna,Bufton,Electrical Engineer,Research and Development,2021-08-30
487889,jpaddingdonnt,Jamima,Paddingdon,Media Manager IV,Research and Development,2020-09-13
663773,ccousennu,Chelsey,Cousen,Physical Therapy Assistant,Training,2021-03-24
068210,shegelnv,Sammy,Hegel,Project Manager,Product Management,2020-11-14
635600,csorleynw,Coriss,Sorley,Nuclear Power Engineer,Training,2018-06-25
215676,vpereznx,Vivi,Perez,Research Assistant I,Sales,2020-01-28
836995,mtaylderny,Mae,Taylder,Nurse Practicioner,Training,2019-04-08
167483,mbushrodnz,Marlee,Bushrod,Analyst Programmer,Services,2021-01-13
829551,rbenezo0,Rhodie,Benez,VP Product Management,Marketing,2020-07-10
503070,cbernharto1,Caro,Bernhart,Database Administrator III,Engineering,2021-12-11
875362,rpoyleo2,Rod,Poyle,Tax Accountant,Business Development,2020-08-26
123993,abaiyleo3,Alma,Baiyle,Environmental Tech,Engineering,2021-03-30
805429,ccastilljoo4,Cathe,Castilljo,Project Manager,Support,2020-03-16
517418,treddocho5,Tybalt,Reddoch,Business Systems Development Analyst,Research and Development,2020-03-16
141258,eblanchflowero6,Elysha,Blanchflower,Financial Analyst,Legal,2018-12-08
599500,wpummeryo7,Winona,Pummery,Chief Design Engineer,Product Management,2021-11-24
421682,geglino8,Gage,Eglin,Developer II,Product Management,2019-11-05
597967,ebarlowo9,Elvis,Barlow,Business Systems Development Analyst,Marketing,2022-04-02
577127,wdewhirstoa,Winifield,Dewhirst,Desktop Support Technician,Legal,2019-09-12
480560,vmcgrealob,Vitoria,McGreal,Payment Adjustment Coordinator,Engineering,2021-12-19
848404,aelcumoc,Amalee,Elcum,Senior Sales Associate,Engineering,2018-08-14
482081,ncubittod,Nelle,Cubitt,Software Engineer III,Legal,2021-11-25
957271,shenfreoe,Sydelle,Henfre,Financial Analyst,Support,2021-03-15
959863,rperrygoof,Rainer,Perrygo,Pharmacist,Research and Development,2021-12-17
631059,ztyghtog,Zsa zsa,Tyght,Dental Hygienist,Product Management,2020-12-09
895086,droartyoh,Davis,Roarty,Pharmacist,Product Management,2019-01-04
464495,cchassonoi,Celene,Chasson,Database Administrator III,Legal,2020-12-29
729458,cgoodfellowoj,Claiborne,Goodfellow,Sales Representative,Training,2019-04-12
525122,hlitterickok,Hastings,Litterick,Help Desk Technician,Research and Development,2020-02-03
067411,trichol,Tedmund,Rich,Accountant IV,Human Resources,2018-11-12
538587,btwycrossom,Brenden,Twycross,Staff Accountant I,Product Management,2021-11-22
736847,kwildeon,Kirsten,Wilde,Account Executive,Support,2018-07-26
111674,tackrilloo,Tamarra,Ackrill,Nurse Practicioner,Research and Development,2019-07-26
569400,mvanarsdallop,Maximilien,Van Arsdall,Software Test Engineer III,Training,2018-05-18
963094,gscraneyoq,Goldi,Scraney,Nurse,Training,2020-12-21
073730,gogleyor,Gale,Ogley,Business Systems Development Analyst,Human Resources,2021-08-31
251486,eproschekos,Eddi,Proschek,Physical Therapy Assistant,Legal,2018-07-31
068714,tmccutheonot,Teddie,McCutheon,Programmer Analyst III,Support,2018-11-26
172699,jschofieldou,Jeffrey,Schofield,Research Nurse,Marketing,2018-10-12
026322,gmizziov,Granny,Mizzi,Programmer Analyst IV,Legal,2020-11-14
866577,snansomow,Sharlene,Nansom,Speech Pathologist,Research and Development,2020-09-06
074204,dfalveyox,Delcine,Falvey,Environmental Specialist,Services,2019-12-15
057128,brickeardoy,Bron,Rickeard,Marketing Assistant,Marketing,2021-09-21
064078,nstreetfieldoz,Natty,Streetfield,Accounting Assistant III,Marketing,2020-03-23
708136,oclemencetp0,Olympie,Clemencet,Account Representative IV,Support,2021-12-28
106770,mtilmouthp1,Morganne,Tilmouth,GIS Technical Architect,Sales,2020-05-10
382433,pkenlinp2,Pattin,Kenlin,Speech Pathologist,Training,2020-02-15
183577,mfieldp3,Mandel,Field,Graphic Designer,Support,2020-04-21
161620,ahallumsp4,Adella,Hallums,Health Coach IV,Training,2018-08-08
699666,jcandelinp5,Judas,Candelin,Research Assistant IV,Marketing,2020-09-08
507970,alecountp6,Averill,Le Count,VP Quality Control,Product Management,2020-02-20
310251,ccouparp7,Cristin,Coupar,Structural Engineer,Support,2018-11-16
678775,hflemmichp8,Hanni,Flemmich,Senior Cost Accountant,Marketing,2021-09-11
903561,gonearyp9,Gwendolyn,O'Neary,Human Resources Assistant II,Services,2020-10-05
166330,pluxtonpa,Philly,Luxton,Assistant Professor,Product Management,2019-07-27
429061,dpettiwardpb,Dwight,Pettiward,Chemical Engineer,Services,2019-07-24
540752,etarquiniopc,Edie,Tarquinio,Software Test Engineer IV,Training,2019-09-02
056522,tmarvinpd,Tull,Marvin,Project Manager,Engineering,2021-10-17
599525,nnewpe,Nikkie,New,Programmer Analyst I,Support,2019-10-15
970170,dsavegepf,Dorris,Savege,Teacher,Support,2021-11-02
929846,nyewmanpg,Nettle,Yewman,Developer III,Training,2022-02-05
226728,lbeddallph,Loleta,Beddall,Safety Technician I,Business Development,2019-01-15
569886,gmckintoshpi,Gaspard,McKintosh,Senior Financial Analyst,Legal,2019-02-02
614728,jbaudipj,Joann,Baudi,Human Resources Assistant IV,Training,2018-11-16
555211,tshercliffpk,Todd,Shercliff,Nuclear Power Engineer,Accounting,2019-08-03
534146,glebandpl,Gherardo,Leband,Nurse Practicioner,Support,2020-06-23
724262,wpappinpm,Willyt,Pappin,Mechanical Systems Engineer,Accounting,2021-12-05
984425,anorvellpn,Amery,Norvell,Technical Writer,Marketing,2019-11-03
669407,ecolvinepo,Evey,Colvine,General Manager,Support,2020-10-30
079642,cweightmanpp,Chaim,Weightman,Desktop Support Technician,Training,2019-08-13
083497,druddockpq,Dorelle,Ruddock,Compensation Analyst,Marketing,2020-06-24
185613,bcottapr,Billye,Cotta,Financial Analyst,Support,2020-06-16
486438,nculpanps,Neely,Culpan,Financial Analyst,Accounting,2019-05-12
739119,mmatterseypt,Marchelle,Mattersey,Quality Control Specialist,Research and Development,2021-06-11
740532,dnansompu,Davis,Nansom,Structural Analysis Engineer,Support,2019-01-31
040929,wjagielskipv,Willard,Jagielski,Mechanical Systems Engineer,Services,2020-04-04
318019,rwarmingtonpw,Ranna,Warmington,Teacher,Business Development,2018-08-06
844787,jelsdonpx,Jone,Elsdon,Senior Sales Associate,Support,2019-10-25
434736,lstrotherspy,Lilas,Strothers,Assistant Professor,Human Resources,2020-05-14
983982,meskellpz,Marleah,Eskell,Teacher,Business Development,2021-01-17
324666,mflawsq0,Markus,Flaws,Associate Professor,Research and Development,2020-10-03
550341,amagneq1,Ali,Magne,Analog Circuit Design manager,Engineering,2021-01-03
185301,kaudrittq2,Kacie,Audritt,VP Marketing,Accounting,2022-01-06
011686,dcoreq3,Demeter,Core,Food Chemist,Training,2021-03-10
333660,ohaenselq4,Orland,Haensel,GIS Technical Architect,Sales,2018-07-21
913804,fzanettoq5,Flo,Zanetto,Help Desk Technician,Legal,2020-02-27
787790,alaunderq6,Ansel,Launder,Senior Developer,Business Development,2019-07-01
198999,pdarwentq7,Page,Darwent,Assistant Manager,Research and Development,2021-11-03
527115,ssangwinq8,Sibbie,Sangwin,Director of Sales,Research and Development,2021-09-27
387594,lbrookingq9,Lorette,Brooking,Mechanical Systems Engineer,Business Development,2018-06-18
461826,jweberqa,Juan,Weber,Teacher,Business Development,2020-06-27
784196,dbarenseqb,Devin,Barense,Chemical Engineer,Accounting,2019-07-15
198914,gbuxeyqc,Gerri,Buxey,Administrative Assistant IV,Marketing,2021-07-07
378992,vcraskeqd,Vita,Craske,Occupational Therapist,Product Management,2018-10-22
459408,owethqe,Odelle,Weth,Internal Auditor,Engineering,2020-10-19
024462,alinneqf,Andromache,Linne,Pharmacist,Sales,2021-11-28
963189,npassionqg,Normand,Passion,Assistant Manager,Marketing,2018-05-05
597780,sbaldaccoqh,Stearne,Baldacco,Staff Accountant III,Accounting,2021-03-08
898812,cmaffioneqi,Christophe,Maffione,Structural Analysis Engineer,Engineering,2019-05-29
112445,nlauretqj,Nikolia,Lauret,Accounting Assistant II,Support,2018-06-11
857161,astaynesqk,Adelaida,Staynes,Legal Assistant,Training,2022-03-11
104422,plinkinql,Phebe,Linkin,Compensation Analyst,Human Resources,2022-02-25
771205,rchaseqm,Rosco,Chase,Tax Accountant,Accounting,2019-08-07
867710,ffogelqn,Faye,Fogel,Software Consultant,Marketing,2019-10-10
794980,jmeusqo,Jayme,Meus,Graphic Designer,Support,2020-02-27
024765,mhurndallqp,Maryjo,Hurndall,Teacher,Legal,2019-05-26
249219,zmatuszewskiqq,Zedekiah,Matuszewski,Technical Writer,Legal,2019-06-05
396009,kshillingfordqr,Kalinda,Shillingford,Marketing Assistant,Sales,2018-08-17
310390,pharburtsonqs,Paulina,Harburtson,Marketing Manager,Engineering,2019-06-09
618198,alagaduqt,Aurel,Lagadu,Paralegal,Sales,2021-04-21
818771,cgirdwoodqu,Chere,Girdwood,Safety Technician III,Sales,2021-05-07
865558,bgribbellqv,Bernie,Gribbell,Senior Financial Analyst,Training,2020-06-29
666064,dnorresqw,Debbi,Norres,Assistant Professor,Research and Development,2021-11-07
664254,hschuckqx,Hewitt,Schuck,Speech Pathologist,Sales,2021-04-09
475300,mmarconeqy,Madella,Marcone,Engineer III,Accounting,2022-03-15
446655,acheetamqz,Agnese,Cheetam,Electrical Engineer,Sales,2021-09-15
388854,osalmanr0,Ora,Salman,Nurse Practicioner,Product Management,2022-01-30
222124,mtuffleyr1,Mercie,Tuffley,Research Associate,Legal,2021-09-14
794875,carmanr2,Claretta,Arman,Assistant Media Planner,Services,2018-05-29
680973,mmontacuter3,Mollie,Montacute,Clinical Specialist,Support,2021-11-10
729890,eaishfordr4,Elvira,Aishford,Structural Engineer,Marketing,2018-10-27
971983,mmenegor5,Morty,Menego,Physical Therapy Assistant,Business Development,2018-08-04
598067,jtettersellr6,Julio,Tettersell,Legal Assistant,Product Management,2018-08-11
993706,zsouthr7,Zorana,South,Software Consultant,Accounting,2020-06-10
835281,mjanikr8,Margeaux,Janik,Payment Adjustment Coordinator,Sales,2019-04-24
354476,lruppelinr9,Lorrie,Ruppelin,Operator,Services,2021-01-15
672434,abauserra,Antonina,Bauser,Health Coach III,Services,2018-12-06
329501,gyegoshinrb,Gwendolin,Yegoshin,Software Engineer III,Engineering,2019-01-14
142128,tbuxamrc,Tally,Buxam,Senior Sales Associate,Sales,2021-05-18
820083,kailwardrd,Krissie,Ailward,Senior Financial Analyst,Services,2020-03-14
691907,gtomaszczykre,Gabi,Tomaszczyk,Civil Engineer,Engineering,2020-04-20
376440,kshaklerf,Kipp,Shakle,Human Resources Manager,Training,2018-07-20
096873,nrosebothamrg,Norene,Rosebotham,Staff Scientist,Engineering,2020-10-13
177768,iracciorh,Ive,Raccio,Project Manager,Engineering,2021-02-22
900888,emacalpineri,Eziechiele,MacAlpine,Associate Professor,Services,2021-09-23
506755,lbruffellrj,Lucais,Bruffell,Human Resources Manager,Training,2022-04-08
208573,cflewittrk,Camille,Flewitt,Pharmacist,Support,2019-07-17
405625,rgalvinrl,Reggi,Galvin,Database Administrator II,Accounting,2019-12-03
653481,amontfordrm,Ambrosi,Montford,Desktop Support Technician,Sales,2019-05-01
750721,atschieraschern,Audy,Tschierasche,Physical Therapy Assistant,Support,2019-08-14
180348,rjoinerro,Ranna,Joiner,Account Coordinator,Business Development,2021-06-18
108795,akendrewrp,Aron,Kendrew,Quality Control Specialist,Support,2021-01-30
252805,lmarzelorq,Lula,Marzelo,Analog Circuit Design manager,Services,2021-12-27
441073,wgarnrr,Ware,Garn,Account Coordinator,Accounting,2021-11-26
