<?xml version="1.0" encoding="UTF-8"?>

<mule xmlns:ee="http://www.mulesoft.org/schema/mule/ee/core" xmlns:file="http://www.mulesoft.org/schema/mule/file"
	xmlns:db="http://www.mulesoft.org/schema/mule/db"
	xmlns:jms="http://www.mulesoft.org/schema/mule/jms" xmlns="http://www.mulesoft.org/schema/mule/core" xmlns:doc="http://www.mulesoft.org/schema/mule/documentation" xmlns:xsi="http://www.w3.org/2001/XMLSchema-instance" xsi:schemaLocation="http://www.mulesoft.org/schema/mule/core http://www.mulesoft.org/schema/mule/core/current/mule.xsd
http://www.mulesoft.org/schema/mule/jms http://www.mulesoft.org/schema/mule/jms/current/mule-jms.xsd
http://www.mulesoft.org/schema/mule/db http://www.mulesoft.org/schema/mule/db/current/mule-db.xsd
http://www.mulesoft.org/schema/mule/file http://www.mulesoft.org/schema/mule/file/current/mule-file.xsd
http://www.mulesoft.org/schema/mule/ee/core http://www.mulesoft.org/schema/mule/ee/core/current/mule-ee.xsd">
		<db:config name="Database_Config" doc:name="Database Config" doc:id="0dca644c-530e-4830-95d0-bab12b90abf8" >
		<db:my-sql-connection host="${mysql.host}" port="${mysql.port}" user="${mysql.user}" password="${mysql.password}"/>
	</db:config>
<!-- 	<file:config name="File_Config" doc:name="File Config" doc:id="e0c2fd0c-8d58-4ffa-86cb-2ea1d874ed86" >
		<file:connection workingDir="D:\mule-files\input" />
	</file:config> -->
	<jms:config name="JMS_Config" doc:name="JMS Config" doc:id="c7474a7f-d486-4fad-a2bc-660083c6b8e6" >
		<jms:active-mq-connection username="admin" password="admin" >
			<jms:factory-configuration brokerUrl="tcp://localhost:61616" />
		</jms:active-mq-connection>
	</jms:config>
	<configuration-properties doc:name="Configuration properties" doc:id="9fa71b88-fb35-41d9-849f-9080332b3c0d" file="mule.dev.properties" />
	
	<db:config name="Database_Config2" doc:name="Database Config" doc:id="834c1c8c-abe5-4e54-b40e-40bed6aaf1a1">
		<db:my-sql-connection host="localhost" port="3306" user="root" password="root" database="muledb">
			<db:connection-properties>
				<db:connection-property key="useSSL" value="false" />
			</db:connection-properties>
		</db:my-sql-connection>

	</db:config>
	<flow name="employeeFlow" doc:id="973b6031-2787-4f42-98a6-c612e39cefb5" >
		<file:listener doc:name="On New or Updated File" doc:id="bacd2dd0-923a-4cb9-9161-62ba8ddd37a6" directory="${input.file.path}" watermarkMode="MODIFIED_TIMESTAMP">
			<scheduling-strategy >
				<fixed-frequency />
			</scheduling-strategy>
		</file:listener>
		<logger level="INFO" doc:name="File picked from location" doc:id="34eacf8c-4e79-4a56-96ca-be566874d957" message="File picked from location"/>
		<ee:transform doc:name="Transform Message" doc:id="319c2a5d-412a-4eba-9da7-666382a2b66c" >
			<ee:message >
				<ee:set-payload ><![CDATA[%dw 2.0
output application/json
---
payload default []]]></ee:set-payload>
			</ee:message>
		</ee:transform>
		<foreach doc:name="For Each" doc:id="e2049a3d-4353-4866-8aa2-8dd84ac3fd05" collection="#[payload]">
			<choice doc:name="Choice" doc:id="46b70b58-71c3-418c-890a-ace6c1a0eabe" >
				<when expression="#[not (isBlank(payload.employee_id) or isBlank(payload.username) or isBlank(payload.first_name) or isBlank(payload.last_name) or isBlank(payload.designation) or isBlank(payload.department) or isBlank(payload.date_of_joining))]">
					<jms:publish doc:name="Publish" doc:id="fb2c515b-8a0f-448d-a0f6-5fb715c1e4fe" config-ref="JMS_Config" destination="employees" />
				</when>
				<otherwise >
					<raise-error doc:name="Raise error" doc:id="9110ed53-80e3-41cd-8699-5aadb8012739" type="EMPLOYEE:INVALID_DATA" description="Missing mandatory field of employee object"/>
				</otherwise>
			</choice>
		</foreach>
		<logger level="INFO" doc:name="Data has been successfully inserted in DB" doc:id="8d4c640a-1acb-4b23-a5da-c6ca6cf04d32" message="Data has been successfully inserted in DB"/>
		<error-handler >
			<on-error-propagate enableNotifications="true" logException="true" doc:name="On Error Propagate" doc:id="f7767e54-891c-4ee1-8df5-ae1f0272c7d0" type="EMPLOYEE:INVALID_DATA">
				<logger level="INFO" doc:name="invalid data " doc:id="71966874-bd7d-4c4b-aa2a-91615c537351" message="#[error.description]" />
			</on-error-propagate>
			<on-error-propagate enableNotifications="true" logException="true" doc:name="On Error Propagate" doc:id="186fcfb1-f1c9-4578-b710-1f761aef5cc9" type="ANY">
				<logger level="INFO" doc:name="error-description" doc:id="60ef68ca-2746-4337-b87c-f797784e41f0" message="#[error.description]" />
			</on-error-propagate>
		</error-handler>
	</flow>
</mule>
